,smoothing,normalization,wsize,memory,thres,F1,beta,FPR,RFPR,Prec,Rec,tot_pred,tot_labels,tot_correctly_pred,prc,roc,order
0,0,1,51,2000,0.09,0.35436236608657967,1,0.07951725693571489,4.391573898235423,0.3596730244904929,0.349206349175555,1101.0,1134,396.0,0.31917115153627706,0.7492822291209387,45
1,0,1,51,2000,0.25,0.9098294274396541,0.1,0.0,908289.2415424789,0.9999999990291263,0.09082892415424788,103.0,1134,103.0,0.31917115153627706,0.7492822291209387,45
2,1,1,201,1600,0.06,0.5968963788870202,1,0.09136025264954477,7.9824220762011935,0.5051924251371294,0.7292768958792524,1637.0,1134,827.0,0.5660348218316819,0.8560906437250523,1
3,1,1,201,1600,0.07,0.7652031317571694,0.1,0.0067674261221885015,29.057742284920682,0.7879858654459413,0.19664902996502212,283.0,1134,223.0,0.5660348218316819,0.8560906437250523,1
4,1,0,125,200,0.1,0.2976406048983053,1,0.13658921723283793,2.6470007721796414,0.25293028992887534,0.361552028186812,1621.0,1134,410.0,0.33830744198780494,0.6335018028566415,5
5,1,0,125,200,0.11,0.50805728677341,0.1,0.02334762012155033,8.347083163591641,0.5163551400662721,0.19488536153484254,428.0,1134,221.0,0.33830744198780494,0.6335018028566415,5
6,0,1,201,1600,0.04,0.6840420167641514,1,0.03440108278779155,19.17410796471933,0.7103513769505838,0.6596119928871594,1053.0,1134,748.0,0.6541433730581704,0.8668698883752646,8
7,0,1,201,1600,0.05,0.9754327557415545,0.1,0.0,2821869.488287313,0.9999999996875,0.2821869488287313,320.0,1134,320.0,0.6541433730581704,0.8668698883752646,8
8,0,0,275,1800,0.02,0.5127970365334963,1,0.23911572298399372,4.137818974016496,0.34608266501091667,0.9894179893307391,3242.0,1134,1122.0,0.32052634876567965,0.8659192261342799,8
9,0,0,275,1800,0.03,0.38592707028866124,0.1,0.14335664335502643,4.8780023611054,0.38420542633797455,0.6992945325661998,2064.0,1134,793.0,0.32052634876567965,0.8659192261342799,8
10,0,1,201,1000,0.05,0.7091633007621224,1,0.0,5493827.160009363,0.9999999998394864,0.5493827160009362,623.0,1134,623.0,0.7831041191618066,0.8763093736212016,3
11,0,1,201,1000,0.05,0.9919442056520806,0.1,0.0,5493827.160009363,0.9999999998394864,0.5493827160009362,623.0,1134,623.0,0.7831041191618066,0.8763093736212016,3
12,1,1,275,600,0.05,0.6236351495398814,1,0.11380554928813663,7.523888560964787,0.4904040403792725,0.8562610228521815,1980.0,1134,971.0,0.7186413640318837,0.9040046472842171,1
13,1,1,275,600,0.05,0.49248741353485787,0.1,0.11380554928813663,7.523888560964787,0.4904040403792725,0.8562610228521815,1980.0,1134,971.0,0.7186413640318837,0.9040046472842171,1
14,1,0,175,1000,0.06,0.384103168255889,1,0.31006090683160314,2.625073655165952,0.25136165576657515,0.8139329805278718,3672.0,1134,923.0,0.30603942069815254,0.8016486699282399,1
15,1,0,175,1000,0.07,0.30249278319165995,0.1,0.14064967290615102,3.373107527410422,0.30140056020720446,0.4744268077183045,1785.0,1134,538.0,0.30603942069815254,0.8016486699282399,1
16,0,0,225,400,0.06,0.4737550108892535,1,0.0,3104056.437116044,0.999999999715909,0.3104056437116044,352.0,1134,352.0,0.5685637131742161,0.8251455832100993,20
17,0,0,225,400,0.06,0.9784771534702057,0.1,0.0,3104056.437116044,0.999999999715909,0.3104056437116044,352.0,1134,352.0,0.5685637131742161,0.8251455832100993,20
18,1,1,125,1400,0.07,0.46103891131791835,1,0.08594631175179397,5.827838812136832,0.42706766914082195,0.5008818341709981,1330.0,1134,568.0,0.4711943966931067,0.7953918841015615,5
19,1,1,125,1400,0.09,0.9598401114880768,0.1,0.0,1913580.2467448341,0.9999999995391705,0.1913580246744834,217.0,1134,217.0,0.4711943966931067,0.7953918841015615,5
20,0,0,175,200,0.06,0.35416662192684106,1,0.18396120008815742,2.8521833544717348,0.2672955974722689,0.5246913579784223,2226.0,1134,595.0,0.40688295933797886,0.7103822601134429,5
21,0,0,175,200,0.08,0.9488624549117242,0.1,0.0,1552028.218558022,0.9999999994318182,0.1552028218558022,176.0,1134,176.0,0.40688295933797886,0.7103822601134429,5
22,1,0,51,1400,0.2,0.44172657036924073,1,0.11639972930164222,4.6516065471368275,0.3730255163807396,0.5414462080651281,1646.0,1134,614.0,0.38743576222722864,0.8381781997373394,20
23,1,0,51,1400,0.26,0.867437161376831,0.1,0.0,608465.6084119519,0.9999999985507247,0.060846560841195184,69.0,1134,69.0,0.38743576222722864,0.8381781997373394,20
24,0,0,175,1600,0.03,0.517992384939508,1,0.22512970899813747,4.285201660328359,0.35404530743190793,0.9647266313082251,3090.0,1134,1094.0,0.5466067098801893,0.9080573448853019,8
25,0,0,175,1600,0.05,0.41501099977690975,0.1,0.08199864651385068,5.538433696599598,0.4146537841856156,0.4541446207712394,1242.0,1134,515.0,0.5466067098801893,0.9080573448853019,8
26,1,1,151,1800,0.05,0.630124316693082,1,0.03981502368554235,15.149384135667963,0.6595949854715916,0.6031746031214131,1037.0,1134,684.0,0.6575617769592664,0.860142495895184,20
27,1,1,151,1800,0.08,0.9714800892447649,0.1,0.0,2522045.855156786,0.9999999996503496,0.2522045855156786,286.0,1134,286.0,0.6575617769592664,0.860142495895184,20
28,1,0,151,1200,0.09,0.592946758405236,1,0.004849988720901759,90.18180818003907,0.9202226343376211,0.4373897706845335,539.0,1134,496.0,0.6162705357651587,0.8535046693648844,5
29,1,0,151,1200,0.1,0.949762070549906,0.1,0.0013534852244377002,239.7447794894846,0.9684210523767313,0.324514991153041,380.0,1134,368.0,0.6162705357651587,0.8535046693648844,5
30,1,0,25,1000,0.25,0.48539444261976594,1,0.1849763140064857,4.238111228533882,0.3515223408322846,0.7839506172148191,2529.0,1134,889.0,0.44348179187841963,0.8586692081315739,5
31,1,0,25,1000,0.59,0.6948244671636716,0.1,0.0,220458.55377244632,0.999999996,0.02204585537724463,25.0,1134,25.0,0.44348179187841963,0.8586692081315739,5
32,0,1,275,200,0.04,0.446595182167959,1,0.12553575456659669,4.537866133263103,0.3672541216391555,0.5696649029480013,1759.0,1134,646.0,0.4048275343595598,0.7617343329708921,45
33,0,1,275,200,0.04,0.3685506095792047,0.1,0.12553575456659669,4.537866133263103,0.3672541216391555,0.5696649029480013,1759.0,1134,646.0,0.4048275343595598,0.7617343329708921,45
34,1,0,251,1600,0.03,0.4511184395982899,1,0.2938190841383508,3.268396047892472,0.2948023822334921,0.9603174602327762,3694.0,1134,1089.0,0.44584904987709434,0.8510805701665917,20
35,1,0,251,1600,0.05,0.5797231227446341,0.1,0.013873223550486428,11.504957146743314,0.5953947366462516,0.15961199293125114,304.0,1134,181.0,0.44584904987709434,0.8510805701665917,20
36,1,1,101,200,0.13,0.40855699706397564,1,0.08605910218716377,4.990207343716008,0.389599999968832,0.4294532627487254,1250.0,1134,487.0,0.4030286085075539,0.645267217847863,3
37,1,1,101,200,0.14,0.8845600797487458,0.1,0.002255808707396167,86.38885115159854,0.917012447752277,0.19488536153484254,241.0,1134,221.0,0.4030286085075539,0.645267217847863,3
38,0,0,275,200,0.03,0.36250207662980943,1,0.4198060004464267,2.2581181650610485,0.2240983948254305,0.9479717812215191,4797.0,1134,1075.0,0.29545058808973723,0.7589629108446314,8
39,0,0,275,200,0.04,0.29129925715309457,0.1,0.10196255357430675,3.2086306341555484,0.29098039213404076,0.32716049379831036,1275.0,1134,371.0,0.29545058808973723,0.7589629108446314,8
40,0,1,125,800,0.1,0.5285170697590954,1,0.0030453417549848255,120.74598605950771,0.93918918897766,0.36772486769244045,444.0,1134,417.0,0.5706489067928027,0.817226680129906,20
41,0,1,125,800,0.11,0.9791562688231386,0.1,0.0,3174603.1743232273,0.9999999997222222,0.3174603174323227,360.0,1134,360.0,0.5706489067928027,0.817226680129906,20
42,0,0,101,2000,0.08,0.5528047175457179,1,0.1325287615595248,5.868742616187455,0.4287797763525144,0.7777777777091907,2057.0,1134,882.0,0.4984779237177902,0.8929659547939118,5
43,0,0,101,2000,0.12,0.9539487703134998,0.1,0.0,1701940.0351232856,0.9999999994818654,0.17019400351232855,193.0,1134,193.0,0.4984779237177902,0.8929659547939118,5
44,0,1,251,1800,0.03,0.6949837690545144,1,0.0540266185421382,14.02075882456781,0.6420029894886395,0.7574955907621256,1338.0,1134,859.0,0.8290676895670985,0.9103286697372719,45
45,0,1,251,1800,0.04,0.9806576028446518,0.1,0.0,3342151.6751902867,0.9999999997361477,0.33421516751902863,379.0,1134,379.0,0.8290676895670985,0.9103286697372719,45
46,0,1,151,2000,0.06,0.6721311028371819,1,0.0,5061728.394615368,0.999999999825784,0.5061728394615368,574.0,1134,574.0,0.6975284541656819,0.8619321737601308,45
47,0,1,151,2000,0.06,0.9904327187359416,0.1,0.0,5061728.394615368,0.999999999825784,0.5061728394615368,574.0,1134,574.0,0.6975284541656819,0.8619321737601308,45
48,1,1,301,2000,0.04,0.8168196700549302,1,0.010151139183282752,73.40482263268855,0.9037433154113644,0.7451499117508685,935.0,1134,845.0,0.8564744937726787,0.9377152616399929,5
49,1,1,301,2000,0.04,0.9018427697734333,0.1,0.010151139183282752,73.40482263268855,0.9037433154113644,0.7451499117508685,935.0,1134,845.0,0.8564744937726787,0.9377152616399929,5
50,1,0,151,1400,0.08,0.4481668313518038,1,0.14899616512351685,4.196215643260282,0.3492610837266374,0.6252204584986578,2030.0,1134,709.0,0.43059097813085523,0.8390998189385286,1
51,1,0,151,1400,0.08,0.35079403042454677,0.1,0.14899616512351685,4.196215643260282,0.3492610837266374,0.6252204584986578,2030.0,1134,709.0,0.43059097813085523,0.8390998189385286,1
52,1,0,225,2000,0.04,0.5636478378528217,1,0.0,3924162.2571495445,0.9999999997752809,0.39241622571495444,445.0,1134,445.0,0.5979725479432374,0.8579028498383338,8
53,1,0,225,2000,0.04,0.9849013634849243,0.1,0.0,3924162.2571495445,0.9999999997752809,0.39241622571495444,445.0,1134,445.0,0.5979725479432374,0.8579028498383338,8
54,1,0,301,400,0.04,0.3775707844442729,1,0.34367245657180606,2.496634295857975,0.242039800989004,0.858024691282361,4020.0,1134,973.0,0.3220740828743315,0.7914524245169406,5
55,1,0,301,400,0.04,0.2437725137953068,0.1,0.34367245657180606,2.496634295857975,0.242039800989004,0.858024691282361,4020.0,1134,973.0,0.3220740828743315,0.7914524245169406,5
56,0,0,51,1000,0.2,0.5347638984873594,1,0.06462891946690019,8.500557807198406,0.520903009989891,0.5493827160009362,1196.0,1134,623.0,0.5816461214530683,0.9070921611244193,1
57,0,0,51,1000,0.26,0.867437161376831,0.1,0.0,608465.6084119519,0.9999999985507247,0.060846560841195184,69.0,1134,69.0,0.5816461214530683,0.9070921611244193,1
58,1,1,125,2000,0.04,0.5176109806642206,1,0.14504849988557356,5.137243050527237,0.39652745188190863,0.7451499117508685,2131.0,1134,845.0,0.503357351925391,0.8178663729738999,20
59,1,1,125,2000,0.1,0.963315768577064,0.1,0.0,2063492.0633100977,0.9999999995726496,0.20634920633100975,234.0,1134,234.0,0.503357351925391,0.8178663729738999,20
60,1,1,301,200,0.04,0.29605002413617565,1,0.3635235731968923,1.8363274527692415,0.1902010050203467,0.6675485008229675,3980.0,1134,757.0,0.23627171911981576,0.6102359906123347,3
61,1,1,301,200,0.04,0.19155719276535652,0.1,0.3635235731968923,1.8363274527692415,0.1902010050203467,0.6675485008229675,3980.0,1134,757.0,0.23627171911981576,0.6102359906123347,3
62,1,0,151,600,0.09,0.666361924411786,1,0.036656891495187714,17.53709501459897,0.6916508538243215,0.6428571428004535,1054.0,1134,729.0,0.7123337349329363,0.8760206838163828,20
63,1,0,151,600,0.1,0.9836906517896982,0.1,0.0,3738977.07198069,0.9999999997641509,0.373897707198069,424.0,1134,424.0,0.7123337349329363,0.8760206838163828,20
64,1,0,151,1600,0.08,0.492647010168041,1,0.10331603879874446,5.718650841772806,0.42244640602632744,0.5908289241101561,1586.0,1134,670.0,0.43020403802812546,0.8754094869686267,1
65,1,0,151,1600,0.08,0.42364173327929117,0.1,0.10331603879874446,5.718650841772806,0.42244640602632744,0.5908289241101561,1586.0,1134,670.0,0.43020403802812546,0.8754094869686267,1
66,0,1,25,600,0.21,0.4091455580760243,1,0.09575907962896729,4.696525716264019,0.3752759381622313,0.4497354496957905,1359.0,1134,510.0,0.36591606610714245,0.6847950933972439,3
67,0,1,25,600,0.59,0.870899941122002,0.1,0.0,626102.2927137476,0.9999999985915494,0.06261022927137476,71.0,1134,71.0,0.36591606610714245,0.6847950933972439,3
68,0,1,251,800,0.04,0.7075277165178795,1,0.04928942025660625,15.386179882235115,0.6630686198409353,0.7583774249772154,1297.0,1134,860.0,0.7834530333121068,0.8934556582406045,1
69,0,1,251,800,0.06,0.9797269355606414,0.1,0.0,3236331.569379512,0.9999999997275204,0.3236331569379512,367.0,1134,367.0,0.7834530333121068,0.8934556582406045,1
70,0,0,125,200,0.1,0.4486848405113091,1,0.04173246108682909,9.191812665557233,0.5403726707403264,0.3835978835640566,805.0,1134,435.0,0.461599832267322,0.6933581154011261,20
71,0,0,125,200,0.11,0.9525044418890969,0.1,0.0002255808707396167,863.5439986391002,0.9910313896901205,0.19488536153484254,223.0,1134,221.0,0.461599832267322,0.6933581154011261,20
72,1,0,151,200,0.08,0.262860681876485,1,0.18441236182963666,2.0035985228805187,0.2039922103113928,0.36948853612262006,2054.0,1134,419.0,0.34940409165818376,0.6365154160853086,20
73,1,0,151,200,0.09,0.3120948370648153,0.1,0.06101962553506632,3.5695514723678317,0.31345177660996804,0.21781305112717697,788.0,1134,247.0,0.34940409165818376,0.6365154160853086,20
74,0,0,75,400,0.19,0.417475685181513,1,0.01917437401286742,15.820562785050392,0.6692607002588987,0.3033509699908861,514.0,1134,344.0,0.4451048268626869,0.737264030274783,20
75,0,0,75,400,0.2,0.8947040311072845,0.1,0.0,776014.109279011,0.9999999988636364,0.0776014109279011,88.0,1134,88.0,0.4451048268626869,0.737264030274783,20
76,1,1,301,1000,0.04,0.6808726045416049,1,0.018723212271388186,31.602888941261845,0.8016726402865385,0.5917107583252459,837.0,1134,671.0,0.8162840670991895,0.9272695643663385,8
77,1,1,301,1000,0.04,0.798865887399323,0.1,0.018723212271388186,31.602888941261845,0.8016726402865385,0.5917107583252459,837.0,1134,671.0,0.8162840670991895,0.9272695643663385,8
78,0,0,225,1400,0.03,0.5475089468768835,1,0.19106699751645534,4.919922296955142,0.3862318840439771,0.9400352732857111,2760.0,1134,1066.0,0.6663002636710151,0.9175163247743894,3
79,0,0,225,1400,0.04,0.5882294943901184,0.1,0.04263478456978756,11.231084207814927,0.5895765471672556,0.4788359787937534,921.0,1134,543.0,0.6663002636710151,0.9175163247743894,3
80,0,0,101,600,0.14,0.6274038026661919,1,0.0009023234829584669,510.09029460069314,0.9849056601915273,0.46031746027686793,530.0,1134,522.0,0.6777446623131284,0.8545308236168451,8
81,0,0,101,600,0.14,0.9739163700574843,0.1,0.0009023234829584669,510.09029460069314,0.9849056601915273,0.46031746027686793,530.0,1134,522.0,0.6777446623131284,0.8545308236168451,8
82,0,1,11,200,0.2,0.23584273379266749,1,0.32009925557951613,1.4628394592202065,0.1576135351689637,0.468253968212676,3369.0,1134,531.0,0.17822606699647847,0.5316496526173946,1
83,0,1,11,200,1.26,0.7680589950261038,0.1,0.0,317460.3174323227,0.9999999972222222,0.03174603174323227,36.0,1134,36.0,0.17822606699647847,0.5316496526173946,1
84,1,1,275,1000,0.03,0.663671327216358,1,0.10692533273057832,8.527593062918497,0.5216952572895209,0.911816578402838,1982.0,1134,1034.0,0.7996017362140383,0.92097085511064,45
85,1,1,275,1000,0.04,0.9814846831768734,0.1,0.0004511617414792334,1031.7924671414526,0.9924812028209622,0.46560846556740665,532.0,1134,528.0,0.7996017362140383,0.92097085511064,45
86,1,0,51,2000,0.2,0.5080512184085981,1,0.1281299345801023,5.3200473292486,0.404924043980884,0.681657848264404,1909.0,1134,773.0,0.3808998541605955,0.8601454300379032,45
87,1,0,51,2000,0.28,0.8494519706525331,0.1,0.0,529100.5290538712,0.9999999983333333,0.05291005290538712,60.0,1134,60.0,0.3808998541605955,0.8601454300379032,45
88,0,0,125,1600,0.05,0.5625173613780454,1,0.1632077599801127,5.457167058922355,0.41107041105368053,0.8906525572406832,2457.0,1134,1010.0,0.499884583896171,0.9052581230000585,20
89,0,0,125,1600,0.09,0.5029323925675614,0.1,0.01725693661158068,8.329296639677759,0.5158227846468915,0.143738977059635,316.0,1134,163.0,0.499884583896171,0.9052581230000585,20
90,0,0,225,400,0.06,0.47901506269034805,1,0.02537784795820688,14.872165577767843,0.6554364470665488,0.3774250440584281,653.0,1134,428.0,0.5508265930881634,0.8113404914480182,8
91,0,0,225,400,0.06,0.6506907417216425,0.1,0.02537784795820688,14.872165577767843,0.6554364470665488,0.3774250440584281,653.0,1134,428.0,0.5508265930881634,0.8113404914480182,8
92,0,1,175,1000,0.05,0.6402188282490714,1,0.04026618542702158,15.373844704771393,0.6628895183510018,0.6190476189930293,1059.0,1134,702.0,0.7206390584234544,0.8533520442122592,20
93,0,1,175,1000,0.06,0.9726117699536182,0.1,0.0,2601410.9345148667,0.9999999996610168,0.26014109345148667,295.0,1134,295.0,0.7206390584234544,0.8533520442122592,20
94,1,0,251,1400,0.03,0.4267168055511496,1,0.34367245657180606,2.909746445532316,0.27122697918509386,0.9999999999118165,4181.0,1134,1134.0,0.3292847304025988,0.8298635852399293,45
95,1,0,251,1400,0.03,0.2731982343388717,0.1,0.34367245657180606,2.909746445532316,0.27122697918509386,0.9999999999118165,4181.0,1134,1134.0,0.3292847304025988,0.8298635852399293,45
96,1,0,151,1600,0.04,0.45551312005706024,1,0.30577487028755046,3.2703788638141886,0.29492847853589266,0.9999999999118165,3845.0,1134,1134.0,0.33043910500500384,0.8601208628090348,1
97,1,0,151,1600,0.04,0.2970017907582875,0.1,0.30577487028755046,3.2703788638141886,0.29492847853589266,0.9999999999118165,3845.0,1134,1134.0,0.33043910500500384,0.8601208628090348,1
98,0,1,25,1200,0.17,0.41602062182584004,1,0.07951725693571489,5.356389375878053,0.40656565653143384,0.4259259258883663,1188.0,1134,483.0,0.38311405246548474,0.764239046497111,20
99,0,1,25,1200,0.6,0.8691898370553743,0.1,0.0,617283.9505628498,0.9999999985714286,0.06172839505628497,70.0,1134,70.0,0.38311405246548474,0.764239046497111,20
100,0,1,225,600,0.05,0.7359999508242032,1,0.014662756598075087,44.26354291641135,0.8498845264607524,0.649029982306082,866.0,1134,736.0,0.7555468816834897,0.8825365196332938,3
101,0,1,225,600,0.06,0.9794034536430212,0.1,0.0,3201058.2007759204,0.9999999997245178,0.32010582007759203,363.0,1134,363.0,0.7555468816834897,0.8825365196332938,3
102,0,0,251,1800,0.02,0.5269516340267059,1,0.2296413264129298,4.354614999271369,0.3577287066133209,0.9999999999118165,3170.0,1134,1134.0,0.45104446406502974,0.9096867887190467,20
103,0,0,251,1800,0.03,0.37405109834648514,0.1,0.16095195127271653,4.635117974991727,0.3721953365432382,0.7460317459659583,2273.0,1134,846.0,0.45104446406502974,0.9096867887190467,20
104,1,0,25,2000,0.22,0.4361756691396523,1,0.21339950371967742,3.4876731941520016,0.3084795321524679,0.7442680775357787,2736.0,1134,844.0,0.3670562307477113,0.8335734357239732,3
105,1,0,25,2000,0.6,0.8262737602999958,0.1,0.0,449735.4496957905,0.9999999980392157,0.044973544969579046,51.0,1134,51.0,0.3670562307477113,0.8335734357239732,3
106,0,0,301,2000,0.02,0.5332705933614502,1,0.2238890142090696,4.4664967452504545,0.36357806988254,0.9999999999118165,3119.0,1134,1134.0,0.6620997774746744,0.9208861628216467,8
107,0,0,301,2000,0.03,0.5217477546185929,0.1,0.047484773290689314,8.579730325433214,0.5232163079815157,0.4074074073714808,883.0,1134,462.0,0.6620997774746744,0.9208861628216467,8
108,0,1,251,800,0.04,0.7802606577184125,1,0.01985111662508627,37.225782489894556,0.8264299801946322,0.7389770722452401,1014.0,1134,838.0,0.7846501676043787,0.8949956853182659,45
109,0,1,251,800,0.06,0.9669966593260949,0.1,0.0,2248677.2484789523,0.9999999996078431,0.22486772484789525,255.0,1134,255.0,0.7846501676043787,0.8949956853182659,45
110,1,1,225,1400,0.04,0.5942658057368657,1,0.05459057071898724,11.049041808376652,0.5856164383060259,0.6031746031214131,1168.0,1134,684.0,0.5922540400020831,0.8539426523297491,45
111,1,1,225,1400,0.05,0.6304061865513085,0.1,0.028535980148561513,13.566166705763562,0.6343930634921398,0.3871252204244157,692.0,1134,439.0,0.5922540400020831,0.8539426523297491,45
112,1,0,275,400,0.04,0.32548555193929013,1,0.5138732235448469,1.897955385505014,0.19533733662671604,0.9753086418893026,5662.0,1134,1106.0,0.27716083964879956,0.8066275122726736,3
113,1,0,275,400,0.04,0.19689634072258289,0.1,0.5138732235448469,1.897955385505014,0.19533733662671604,0.9753086418893026,5662.0,1134,1106.0,0.27716083964879956,0.8066275122726736,3
114,1,1,151,800,0.07,0.5918976045876538,1,0.05831265508619092,10.495009957388163,0.5730800990443369,0.611992945272311,1211.0,1134,694.0,0.6051667556132398,0.8232808609152695,5
115,1,1,151,800,0.1,0.9651440841825849,0.1,0.0,2151675.484819076,0.999999999590164,0.2151675484819076,244.0,1134,244.0,0.6051667556132398,0.8232808609152695,5
116,0,1,101,1400,0.06,0.3839678862548568,1,0.09948116399617096,4.246011480556432,0.3519470976964036,0.42239858902800714,1361.0,1134,479.0,0.40362580241817864,0.7710249229066433,3
117,0,1,101,1400,0.1,0.9550249189004348,0.1,0.0,1737213.403726877,0.9999999994923858,0.1737213403726877,197.0,1134,197.0,0.40362580241817864,0.7710249229066433,3
118,1,0,51,1000,0.2,0.5007266956962108,1,0.10478231445855196,5.798528095925864,0.4258343633853007,0.607583774196862,1618.0,1134,689.0,0.4540285798955413,0.8724400848056761,3
119,1,0,51,1000,0.25,0.5904919936042654,0.1,0.024362734039878604,11.582681570084587,0.597014925261751,0.2821869488287313,536.0,1134,320.0,0.4540285798955413,0.8724400848056761,3
120,1,1,75,800,0.11,0.48965512323477833,1,0.09440559440452959,5.968835534727409,0.4329268292389616,0.5634920634423728,1476.0,1134,639.0,0.5075963897897731,0.798910468265307,3
121,1,1,75,800,0.2,0.9654926961048164,0.1,0.0,2169312.169120872,0.999999999593496,0.21693121691208717,246.0,1134,246.0,0.5075963897897731,0.798910468265307,3
122,0,1,225,1200,0.05,0.5968767621932027,1,0.00891044439421486,51.06606676936075,0.8672268906105501,0.4550264549863292,595.0,1134,516.0,0.6786744867103333,0.8641479985566007,3
123,0,1,225,1200,0.06,0.9805064858411014,0.1,0.0,3324514.990888491,0.999999999734748,0.3324514990888491,377.0,1134,377.0,0.6786744867103333,0.8641479985566007,3
124,0,1,75,2000,0.06,0.40809963912411673,1,0.1026392961865256,4.501986039233043,0.36541143651566166,0.4620811287070475,1434.0,1134,524.0,0.3732574238919094,0.7769796909581855,5
125,0,1,75,2000,0.15,0.9367397574459557,0.1,0.0,1278659.6118801888,0.9999999993103449,0.12786596118801888,145.0,1134,145.0,0.3732574238919094,0.7769796909581855,5
126,0,1,201,600,0.06,0.5717578797248747,1,0.011842995713829877,36.9320472664734,0.825291181227073,0.4373897706845335,601.0,1134,496.0,0.6858460235244724,0.8517484606194284,5
127,0,1,201,600,0.07,0.9760475757918541,0.1,0.0,2874779.5411927,0.9999999996932515,0.28747795411927,326.0,1134,326.0,0.6858460235244724,0.8517484606194284,5
128,0,1,75,1200,0.16,0.533675393242575,1,0.0010151139183282752,361.34555176451977,0.9788235291814532,0.3668430334773507,425.0,1134,416.0,0.5692381577612619,0.7997003494315321,20
129,0,1,75,1200,0.17,0.9804893887443407,0.1,0.00011279043536980836,3202.680785156279,0.997566909732952,0.361552028186812,411.0,1134,410.0,0.5692381577612619,0.7997003494315321,20
130,0,0,101,800,0.1,0.5242190536550285,1,0.05594405594342494,9.126637124587699,0.5386046511126878,0.5105820105369857,1075.0,1134,579.0,0.5697714127331772,0.828615778884596,3
131,0,0,101,800,0.14,0.9752228375272747,0.1,0.0,2804232.8039855175,0.9999999996855345,0.28042328039855174,318.0,1134,318.0,0.5697714127331772,0.828615778884596,3
132,0,0,275,1000,0.03,0.5591734043867903,1,0.13162643807656635,5.9826685832693345,0.43349514561002456,0.7874779540751783,2060.0,1134,893.0,0.49781909977445044,0.9120568300675828,5
133,0,0,275,1000,0.03,0.4354330462642912,0.1,0.13162643807656635,5.9826685832693345,0.43349514561002456,0.7874779540751783,2060.0,1134,893.0,0.49781909977445044,0.9120568300675828,5
134,0,1,175,1400,0.05,0.613691888927018,1,0.0,4426807.759750722,0.9999999998007968,0.4426807759750722,502.0,1134,502.0,0.6804277745565073,0.8397472698547968,8
135,0,1,175,1400,0.05,0.9876882531974821,0.1,0.0,4426807.759750722,0.9999999998007968,0.4426807759750722,502.0,1134,502.0,0.6804277745565073,0.8397472698547968,8
136,0,0,51,600,0.23,0.6170946230950748,1,0.0755695916977716,9.393667318192989,0.5457627118274059,0.7098765431472771,1475.0,1134,805.0,0.5828227015337644,0.841251042863946,20
137,0,0,51,600,0.3,0.88986678203514,0.1,0.0,740740.7406754197,0.9999999988095238,0.07407407406754196,84.0,1134,84.0,0.5828227015337644,0.841251042863946,20
138,1,0,301,800,0.04,0.538787833645146,1,0.14403338596724527,5.442835823560485,0.4104339796671083,0.7839506172148191,2166.0,1134,889.0,0.646204938413934,0.9045260295260296,3
139,1,0,301,800,0.05,0.8261795591420174,0.1,0.00958718700643371,39.82713930204038,0.8359073357459639,0.38183421513387705,518.0,1134,433.0,0.646204938413934,0.9045260295260296,3
140,0,0,101,600,0.12,0.6355139686393942,1,0.04500338371255353,13.990686445424538,0.6415094339046262,0.6296296295741067,1113.0,1134,714.0,0.6874687778273691,0.858179504684881,1
141,0,0,101,600,0.15,0.9818129855865634,0.1,0.0,3483245.149604652,0.9999999997468354,0.3483245149604652,395.0,1134,395.0,0.6874687778273691,0.858179504684881,1
142,1,1,251,1400,0.04,0.671201764038897,1,0.03733363410740657,17.47902626855055,0.6909430438197065,0.6525573191664411,1071.0,1134,740.0,0.7186744071399793,0.8712368873659196,8
143,1,1,251,1400,0.04,0.690540760386089,0.1,0.03733363410740657,17.47902626855055,0.6909430438197065,0.6525573191664411,1071.0,1134,740.0,0.7186744071399793,0.8712368873659196,8
144,0,0,25,600,0.54,0.6126581788865156,1,0.026618542747274772,20.042708608196826,0.7193816883805729,0.5335097001293201,841.0,1134,605.0,0.5556819602321293,0.8054303323120526,8
145,0,0,25,600,0.59,0.8247195026535104,0.1,0.00688021655755831,41.269993158523995,0.8407310702765715,0.28395061725891085,383.0,1134,322.0,0.5556819602321293,0.8054303323120526,8
146,0,1,101,600,0.09,0.5520324705849076,1,0.07297541168426601,8.205018618253305,0.5120663649689241,0.5987654320459642,1326.0,1134,679.0,0.594651116350954,0.7948346456410973,8
147,0,1,101,600,0.14,0.9550642011520752,0.1,0.0011279043536980835,290.0347793213187,0.9737532805843166,0.32716049379831036,381.0,1134,371.0,0.594651116350954,0.7948346456410973,8
148,0,0,275,2000,0.02,0.4687887197740596,1,0.28987141890040746,3.44980425709016,0.30615550755112975,0.9999999999118165,3704.0,1134,1134.0,0.39760348842168514,0.8873749707083041,5
149,0,0,275,2000,0.02,0.3082732363079712,0.1,0.28987141890040746,3.44980425709016,0.30615550755112975,0.9999999999118165,3704.0,1134,1134.0,0.39760348842168514,0.8873749707083041,5
150,1,0,175,1800,0.04,0.485994040463486,1,0.2470110534598803,3.809208994498401,0.3276020878008105,0.9409171075008009,3257.0,1134,1067.0,0.3345570321448054,0.8719363571514109,3
151,1,0,175,1800,0.06,0.34218548539760335,0.1,0.1336566659132229,4.044422069893578,0.3409343715049536,0.5405643738500384,1798.0,1134,613.0,0.3345570321448054,0.8719363571514109,3
152,1,1,301,400,0.04,0.5056801188512116,1,0.16140311301419574,4.742359736237793,0.37755545887874925,0.7654320986979336,2299.0,1134,868.0,0.46116415646172615,0.8314164927068153,8
153,1,1,301,400,0.04,0.3794592510149435,0.1,0.16140311301419574,4.742359736237793,0.37755545887874925,0.7654320986979336,2299.0,1134,868.0,0.46116415646172615,0.8314164927068153,8
154,0,1,175,400,0.07,0.47689070807985445,1,0.03564177757685944,11.232649929494519,0.5896103895338168,0.4003527336507625,770.0,1134,454.0,0.5228680654848727,0.7294723894186259,1
155,0,1,175,400,0.08,0.9719914039888619,0.1,0.0,2557319.2237603776,0.9999999996551724,0.25573192237603776,290.0,1134,290.0,0.5228680654848727,0.7294723894186259,1
156,1,0,225,600,0.06,0.545170071831897,1,0.08188585607848087,7.5060300612293105,0.48981025997963384,0.6146384479175804,1423.0,1134,697.0,0.6616979114957007,0.892245498428294,1
157,1,0,225,600,0.06,0.4907970818090288,0.1,0.08188585607848087,7.5060300612293105,0.48981025997963384,0.6146384479175804,1423.0,1134,697.0,0.6616979114957007,0.892245498428294,1
158,0,0,201,1400,0.04,0.4796777251112458,1,0.10624859011835946,5.436315593541623,0.41014402001188827,0.5776014108838093,1597.0,1134,655.0,0.41078624104143463,0.8813977738708921,20
159,0,0,201,1400,0.05,0.44979369942464636,0.1,0.0269569140533842,6.5752340701397145,0.4568181817143595,0.17724867723304685,440.0,1134,201.0,0.41078624104143463,0.8813977738708921,20
160,0,1,175,200,0.07,0.515566583587081,1,0.006541845251448884,55.80593401730391,0.8771186438819664,0.3650793650471711,472.0,1134,414.0,0.45984744214278683,0.6570553102811167,1
161,0,1,175,200,0.07,0.8651050773075306,0.1,0.006541845251448884,55.80593401730391,0.8771186438819664,0.3650793650471711,472.0,1134,414.0,0.45984744214278683,0.6570553102811167,1
162,1,1,75,800,0.1,0.46889221194043074,1,0.09970674486691058,5.465758601156439,0.4114513981084253,0.5449735449254873,1502.0,1134,618.0,0.4671703326256023,0.7661648884767165,20
163,1,1,75,800,0.18,0.9663409709511832,0.1,0.0,2213403.879875361,0.9999999996015937,0.2213403879875361,251.0,1134,251.0,0.4671703326256023,0.7661648884767165,20
164,0,0,175,1400,0.05,0.4961976688878016,1,0.050530115045674145,9.10974671017703,0.5381443298414285,0.46031746027686793,970.0,1134,522.0,0.6417993617419248,0.8966332850741452,45
165,0,0,175,1400,0.06,0.9491870673585993,0.1,0.0,1560846.56070892,0.9999999994350283,0.156084656070892,177.0,1134,177.0,0.6417993617419248,0.8966332850741452,45
166,1,0,75,1200,0.15,0.6779358930041449,1,0.03970223325017254,16.92489123156247,0.684021543924235,0.6719576718984164,1114.0,1134,762.0,0.7287096404204441,0.9107412400423154,5
167,1,0,75,1200,0.19,0.9845669677369643,0.1,0.0,3871252.2042441573,0.9999999997722095,0.3871252204244157,439.0,1134,439.0,0.7287096404204441,0.9107412400423154,5
168,1,0,101,400,0.13,0.4542719165111815,1,0.161854274755675,4.11348061118406,0.34474885843174663,0.6657848323927879,2190.0,1134,755.0,0.47806331274809816,0.7342789627735864,1
169,1,0,101,400,0.15,0.9450487282296939,0.1,0.0,1455026.4548981457,0.9999999993939395,0.14550264548981456,165.0,1134,165.0,0.47806331274809816,0.7342789627735864,1
170,1,1,75,1400,0.09,0.38044366425225606,1,0.09440559440452959,4.324837014990283,0.3561538461264497,0.4082892415865706,1300.0,1134,463.0,0.34282842890548226,0.7382673081597814,20
171,1,1,75,1400,0.17,0.9317335946925325,0.1,0.0,1190476.1903712102,0.9999999992592593,0.11904761903712101,135.0,1134,135.0,0.34282842890548226,0.7382673081597814,20
172,0,1,251,1400,0.03,0.8095474395476328,1,0.007105797428297926,101.01652301150972,0.9281641960173131,0.7178130510830852,877.0,1134,814.0,0.788017463903062,0.8842098264141275,45
173,0,1,251,1400,0.04,0.9685528337131242,0.1,0.0,2336860.669987931,0.9999999996226414,0.2336860669987931,265.0,1134,265.0,0.788017463903062,0.8842098264141275,45
174,1,0,25,400,0.59,0.3390804143351891,1,0.0350778254000104,7.416091187975716,0.486798679787657,0.26014109345148667,606.0,1134,295.0,0.33086297416118443,0.7100421482141912,1
175,1,0,25,400,0.6,0.6798132708567239,0.1,0.010827881795501601,17.998308938403103,0.6971608830608325,0.19488536153484254,317.0,1134,221.0,0.33086297416118443,0.7100421482141912,1
176,0,1,151,800,0.06,0.6063268392267794,1,0.050981276787153376,11.93505642172608,0.6042031523113657,0.6084656084119519,1142.0,1134,690.0,0.6238044603333442,0.8365824736792479,20
177,0,1,151,800,0.1,0.9491870673585993,0.1,0.0,1560846.56070892,0.9999999994350283,0.156084656070892,177.0,1134,177.0,0.6238044603333442,0.8365824736792479,20
178,1,1,301,800,0.04,0.8257955949482225,1,0.03022783667910864,28.764402456865533,0.7862838914843473,0.8694885360785283,1254.0,1134,986.0,0.8130528058895085,0.9167787608647823,5
179,1,1,301,800,0.05,0.795216014769996,0.1,0.014775547033444894,31.452201741175955,0.8009118539816243,0.46472663135231684,658.0,1134,527.0,0.8130528058895085,0.9167787608647823,5
180,0,0,225,1000,0.04,0.5534489216770004,1,0.0743288969087037,8.138657814723668,0.5100371746832686,0.6049382715515927,1345.0,1134,686.0,0.5209899746878546,0.9124804407062472,5
181,0,0,225,1000,0.04,0.5108305339162844,0.1,0.0743288969087037,8.138657814723668,0.5100371746832686,0.6049382715515927,1345.0,1134,686.0,0.5209899746878546,0.9124804407062472,5
182,1,1,25,200,0.14,0.29805783276054915,1,0.3564177757685944,1.860566977224409,0.1922290388498919,0.6631393297475185,3912.0,1134,752.0,0.2129748172425256,0.6498683017500222,3
183,1,1,25,200,0.58,0.6948244671636716,0.1,0.0,220458.55377244632,0.999999996,0.02204585537724463,25.0,1134,25.0,0.2129748172425256,0.6498683017500222,3
184,1,1,301,1800,0.03,0.6417857909937503,1,0.09169862395565419,8.847314803147574,0.53087132137733,0.8112874778826025,1733.0,1134,920.0,0.6166612128388864,0.9032415215210914,5
185,1,1,301,1800,0.04,0.7876033538691751,0.1,0.01725693661158068,29.740188001794206,0.7918367345861447,0.513227513182255,735.0,1134,582.0,0.6166612128388864,0.9032415215210914,5
186,0,0,125,1200,0.08,0.6229651941161309,1,0.0486126776443874,12.843097114317045,0.6215978928339246,0.624338624283568,1139.0,1134,708.0,0.7103233314490736,0.8999568730751527,8
187,0,0,125,1200,0.12,0.9719914039888619,0.1,0.0,2557319.2237603776,0.9999999996551724,0.25573192237603776,290.0,1134,290.0,0.7103233314490736,0.8999568730751527,8
188,0,1,201,200,0.06,0.4460966063179309,1,0.03710805323666695,9.980835423837341,0.5607476634765357,0.3703703703377098,749.0,1134,420.0,0.3161222731907124,0.6959919312069849,20
189,0,1,201,200,0.06,0.5579081557170278,0.1,0.03710805323666695,9.980835423837341,0.5607476634765357,0.3703703703377098,749.0,1134,420.0,0.3161222731907124,0.6959919312069849,20
190,0,0,175,1000,0.04,0.5051109043182389,1,0.21024137152932276,4.2489146094155,0.35210288493736175,0.8932980598859525,2877.0,1134,1013.0,0.4353906769295315,0.8883748668694906,20
191,0,0,175,1000,0.06,0.5391880958086085,0.1,0.020979020978784353,9.499660772814693,0.5485436891872466,0.19929453261029148,412.0,1134,226.0,0.4353906769295315,0.8883748668694906,20
192,0,0,251,1800,0.02,0.5605535928459423,1,0.20054139408751925,4.9864992003869375,0.3894230769097039,0.9999999999118165,2912.0,1134,1134.0,0.5812980255068413,0.9144741160870192,20
193,0,0,251,1800,0.04,0.9697189629877185,0.1,0.0,2407407.407195114,0.9999999996336996,0.24074074071951138,273.0,1134,273.0,0.5812980255068413,0.9144741160870192,20
194,1,1,75,1200,0.15,0.539733285472374,1,0.026505752311904964,16.834324268645354,0.6828609985583184,0.4462081128354313,741.0,1134,506.0,0.5708811973107276,0.789822632564568,8
195,1,1,75,1200,0.19,0.9694685425723302,0.1,0.00033837130610942504,893.6330209273649,0.9913294794822747,0.30246913577579637,346.0,1134,343.0,0.5708811973107276,0.789822632564568,8
196,1,1,101,200,0.14,0.38985144323948473,1,0.018836002706757997,14.747094028831217,0.6535269708187703,0.2777777777532824,482.0,1134,315.0,0.4205993736331484,0.6572138534504126,1
197,1,1,101,200,0.14,0.6448897069639684,0.1,0.018836002706757997,14.747094028831217,0.6535269708187703,0.2777777777532824,482.0,1134,315.0,0.4205993736331484,0.6572138534504126,1
198,0,0,75,1000,0.13,0.5438595990764897,1,0.05932776900451919,9.215520842557485,0.5410122163576778,0.5467372133556668,1146.0,1134,620.0,0.5400438965904053,0.9074431641635943,45
199,0,0,75,1000,0.14,0.686748185478075,0.1,0.020753440108044738,17.633675862384685,0.6928213688325842,0.3659611992622609,599.0,1134,415.0,0.5400438965904053,0.9074431641635943,45
200,0,1,151,600,0.08,0.5894000715627005,1,0.008684863523475243,51.37708542233272,0.8679245281530147,0.4462081128354313,583.0,1134,506.0,0.6434743209929461,0.8315524578965439,3
201,0,1,151,600,0.1,0.9525428508349244,0.1,0.0,1657848.3243687965,0.9999999994680852,0.16578483243687964,188.0,1134,188.0,0.6434743209929461,0.8315524578965439,3
202,1,0,101,800,0.12,0.5628261245827455,1,0.07399052560259428,8.354650061997383,0.5165806926664274,0.6181657847779395,1357.0,1134,701.0,0.6059286633615409,0.819236020848924,3
203,1,0,101,800,0.15,0.9708212691072554,0.1,0.0,2477954.1444022967,0.999999999644128,0.24779541444022968,281.0,1134,281.0,0.6059286633615409,0.819236020848924,3
204,0,1,175,1200,0.04,0.5743845397220209,1,0.09745093615951442,7.284443256050181,0.48232474532760183,0.7098765431472771,1669.0,1134,805.0,0.65014512207011,0.8456136655061386,3
205,0,1,175,1200,0.08,0.9747952583751255,0.1,0.0,2768959.435381926,0.9999999996815286,0.2768959435381926,314.0,1134,314.0,0.65014512207011,0.8456136655061386,3
206,0,1,125,1000,0.05,0.5804533142543672,1,0.08752537784697129,7.868709076793168,0.5016056518624531,0.6887125219851223,1557.0,1134,781.0,0.5555210711089931,0.8338420838420839,3
207,0,1,125,1000,0.09,0.9584865125970237,0.1,0.0,1860670.1938394469,0.9999999995260663,0.18606701938394468,211.0,1134,211.0,0.5555210711089931,0.8338420838420839,3
208,0,1,301,800,0.03,0.814449868069141,1,0.03496503496464059,25.01862333017478,0.7619047618462438,0.874779541369067,1302.0,1134,992.0,0.7983810317690588,0.920937535184847,5
209,0,1,301,800,0.03,0.762879289732973,0.1,0.03496503496464059,25.01862333017478,0.7619047618462438,0.874779541369067,1302.0,1134,992.0,0.7983810317690588,0.920937535184847,5
210,0,1,11,600,0.39,0.3974248427051583,1,0.08267538912606952,4.938455712841104,0.38712374578702974,0.4082892415865706,1196.0,1134,463.0,0.32196346424339767,0.6661515008289202,3
211,0,1,11,600,1.34,0.8262737602999958,0.1,0.0,449735.4496957905,0.9999999980392157,0.044973544969579046,51.0,1134,51.0,0.32196346424339767,0.6661515008289202,3
212,0,1,301,1800,0.03,0.8059700993457997,1,0.01646740356399202,46.267168479839405,0.8554455444697578,0.7619047618375745,1010.0,1134,864.0,0.7246965968850495,0.9259360213661288,45
213,0,1,301,1800,0.03,0.854406844587892,0.1,0.01646740356399202,46.267168479839405,0.8554455444697578,0.7619047618375745,1010.0,1134,864.0,0.7246965968850495,0.9259360213661288,45
214,0,1,301,1600,0.02,0.652659178432435,1,0.10354161966948407,8.46560413133241,0.5198744769602576,0.8765432097992466,1912.0,1134,994.0,0.8375297108232714,0.9344221091532919,8
215,0,1,301,1600,0.03,0.922512467459566,0.1,0.0036092939318338674,111.65260537003114,0.9345603270072473,0.4029982362960319,489.0,1134,457.0,0.8375297108232714,0.9344221091532919,8
216,0,0,101,400,0.14,0.4383056666637314,1,0.015565080081033553,20.225581274877815,0.7212121210664217,0.31481481478705337,495.0,1134,357.0,0.45729630004317046,0.7110411989444247,3
217,0,0,101,400,0.14,0.7121102183497593,0.1,0.015565080081033553,20.225581274877815,0.7212121210664217,0.31481481478705337,495.0,1134,357.0,0.45729630004317046,0.7110411989444247,3
218,1,0,301,1600,0.04,0.55273543042829,1,0.016805774870101445,25.7111735469792,0.7668231610693548,0.4320987653939948,639.0,1134,490.0,0.579552714915713,0.8924111531638412,45
219,1,0,301,1600,0.04,0.7609863877145785,0.1,0.016805774870101445,25.7111735469792,0.7668231610693548,0.4320987653939948,639.0,1134,490.0,0.579552714915713,0.8924111531638412,45
220,1,0,125,200,0.1,0.3727857796556319,1,0.10004511617302,4.081047122537751,0.3429629629375583,0.4082892415865706,1350.0,1134,463.0,0.36126183052760635,0.6427360970371724,8
221,1,0,125,200,0.11,0.5466275373256771,0.1,0.01985111662508627,9.817300632776487,0.5566750628320717,0.19488536153484254,397.0,1134,221.0,0.36126183052760635,0.6427360970371724,8
222,1,1,225,600,0.06,0.588784998244392,1,0.02537784795820688,19.70214458550086,0.7159090908186984,0.49999999995590827,792.0,1134,567.0,0.6773879921938473,0.8676798609594308,5
223,1,1,225,600,0.06,0.7128611634062698,0.1,0.02537784795820688,19.70214458550086,0.7159090908186984,0.49999999995590827,792.0,1134,567.0,0.6773879921938473,0.8676798609594308,5
224,0,1,75,400,0.17,0.381769389291038,1,0.04229641326367813,7.422195267370928,0.48700410390054666,0.31393298057196356,731.0,1134,356.0,0.3924508153310161,0.6695895701272045,5
225,0,1,75,400,0.19,0.9631247060832555,0.1,0.0,2054673.7211592,0.9999999995708154,0.20546737211591998,233.0,1134,233.0,0.3924508153310161,0.6695895701272045,5
226,0,0,275,800,0.04,0.7706666166013662,1,0.02808481840708228,27.222805258000832,0.7768817203604944,0.7645502644828438,1116.0,1134,867.0,0.8064379669183752,0.9453505972323175,8
227,0,0,275,800,0.05,0.8425663127042073,0.1,0.01026392961865256,44.24623053950799,0.8498349833581131,0.4541446207712394,606.0,1134,515.0,0.8064379669183752,0.9453505972323175,8
228,1,1,275,200,0.04,0.2749165870456958,1,0.13467177983155118,2.4293155646711524,0.2370607028602517,0.32716049379831036,1565.0,1134,371.0,0.31560001305053786,0.7279873650841393,45
229,1,1,275,200,0.05,0.5361454562682436,0.1,0.013873223550486428,9.661621471298252,0.552727272526281,0.13403880069364738,275.0,1134,152.0,0.31560001305053786,0.7279873650841393,45
230,0,1,175,600,0.07,0.5841231785827227,1,0.00688021655755831,63.18666654395134,0.8898916965902723,0.43474426803926414,554.0,1134,493.0,0.6448180295349382,0.839350812469092,8
231,0,1,175,600,0.08,0.9747952583751255,0.1,0.0,2768959.435381926,0.9999999996815286,0.2768959435381926,314.0,1134,314.0,0.6448180295349382,0.839350812469092,8
232,0,0,225,800,0.05,0.7258834268757177,1,0.02255808707396167,29.709568471565,0.7916666665842014,0.6701940034682368,960.0,1134,760.0,0.7517711936006152,0.8977518896873735,1
233,0,0,225,800,0.06,0.9080504658523297,0.1,0.004849988720901759,87.99999024019941,0.9184060719319913,0.42680776010345606,527.0,1134,484.0,0.7517711936006152,0.8977518896873735,1
234,0,1,301,1400,0.03,0.5976871148009864,1,0.0020302278366565504,213.25649572046305,0.9646365420501696,0.4329805996090846,509.0,1134,491.0,0.8341473509833319,0.9214987521439134,3
235,0,1,301,1400,0.03,0.9530497133909702,0.1,0.0020302278366565504,213.25649572046305,0.9646365420501696,0.4329805996090846,509.0,1134,491.0,0.8341473509833319,0.9214987521439134,3
236,0,1,25,1000,0.09,0.31974918012236925,1,0.3255131964772669,2.0724289356050885,0.20953163516270798,0.6746031745436858,3651.0,1134,765.0,0.26657532092466596,0.7100825299750031,1
237,0,1,25,1000,0.54,0.8656403043730738,0.1,0.0,599647.266261054,0.9999999985294119,0.0599647266261054,68.0,1134,68.0,0.26657532092466596,0.7100825299750031,1
238,0,1,225,2000,0.04,0.7229729267287587,1,0.0,5661375.660876421,0.9999999998442368,0.5661375660876421,642.0,1134,642.0,0.8019833188349569,0.8968920864082154,3
239,0,1,225,2000,0.04,0.9924692921813191,0.1,0.0,5661375.660876421,0.9999999998442368,0.5661375660876421,642.0,1134,642.0,0.8019833188349569,0.8968920864082154,3
240,0,1,275,1200,0.03,0.654079039791283,1,0.08515677870420531,9.506264458850417,0.5487148834101186,0.8095238094524229,1673.0,1134,918.0,0.7184618286999568,0.8813513746309445,8
241,0,1,275,1200,0.05,0.9792391063420051,0.1,0.0,3183421.516474125,0.9999999997229916,0.3183421516474125,361.0,1134,361.0,0.7184618286999568,0.8813513746309445,8
242,1,1,151,1800,0.05,0.6379978370562057,1,0.09000676742510706,8.866656372862945,0.5314151497045557,0.7980599646562557,1703.0,1134,905.0,0.6083912980035623,0.8572640024252927,1
243,1,1,151,1800,0.09,0.6243735660963536,0.1,0.03327317843409346,13.14537644827815,0.6270543614883624,0.4373897706845335,791.0,1134,496.0,0.6083912980035623,0.8572640024252927,1
244,1,0,251,2000,0.05,0.3730272292855858,1,0.0,2292768.959233442,0.9999999996153845,0.22927689592334416,260.0,1134,260.0,0.4605126455829798,0.8389265553244047,20
245,1,0,251,2000,0.05,0.9677890843774271,0.1,0.0,2292768.959233442,0.9999999996153845,0.22927689592334416,260.0,1134,260.0,0.4605126455829798,0.8389265553244047,20
246,1,0,175,2000,0.05,0.5039330964410608,1,0.21531694112096414,4.197903081713045,0.34935241989266014,0.9038800704670299,2934.0,1134,1025.0,0.49913885832216504,0.8917466444348165,5
247,1,0,175,2000,0.07,0.5430606184714643,0.1,0.02131739228489378,9.638440083382621,0.5521327012909638,0.20546737211591998,422.0,1134,233.0,0.49913885832216504,0.8917466444348165,5
248,0,1,225,1400,0.03,0.5342601318198011,1,0.12181367019939303,5.842034200342012,0.42766295705205815,0.7116402115774567,1887.0,1134,807.0,0.6912305420624686,0.8563733657819679,1
249,0,1,225,1400,0.04,0.9800436490141384,0.1,0.0,3271604.9379831036,0.9999999997304582,0.32716049379831036,371.0,1134,371.0,0.6912305420624686,0.8563733657819679,1
250,0,1,275,1200,0.04,0.6430232108146327,1,0.0037220843672036755,131.0129410142588,0.9436860066649001,0.4876543209446513,586.0,1134,553.0,0.7138489280737326,0.8850501350501351,5
251,0,1,275,1200,0.05,0.9818821833244715,0.1,0.0,3492063.49175555,0.9999999997474747,0.349206349175555,396.0,1134,396.0,0.7138489280737326,0.8850501350501351,5
252,1,1,225,1600,0.04,0.5798346638366707,1,0.11436950146498567,6.762011904627551,0.46377577998605096,0.7733686066337417,1891.0,1134,877.0,0.642140766679992,0.8661888688770408,3
253,1,1,225,1600,0.05,0.6118642120233627,0.1,0.040040604556281965,12.399198980070338,0.6132897602817767,0.4964726630955491,918.0,1134,563.0,0.642140766679992,0.8661888688770408,3
254,0,0,75,1600,0.08,0.5264631322085966,1,0.1688472817486031,4.909310133210021,0.38572014770678215,0.8289241621843981,2437.0,1134,940.0,0.4420743735851953,0.8868012214786407,5
255,0,0,75,1600,0.19,0.8773442253944049,0.1,0.0,661375.661317339,0.9999999986666668,0.0661375661317339,75.0,1134,75.0,0.4420743735851953,0.8868012214786407,5
256,0,1,225,1200,0.05,0.5955450901745338,1,0.007218587863667735,62.05723113757151,0.8881118879566239,0.44797178126561094,572.0,1134,508.0,0.6599048272934005,0.8557296447081395,8
257,0,1,225,1200,0.06,0.981318897729563,0.1,0.0,3421516.754548367,0.9999999997422679,0.3421516754548367,388.0,1134,388.0,0.6599048272934005,0.8557296447081395,8
258,1,1,25,2000,0.09,0.3292195059690168,1,0.41416647867793627,2.0163312171536028,0.20502273218867673,0.8350970016900267,4619.0,1134,947.0,0.2562012936229971,0.7162911759685953,3
259,1,1,25,2000,0.59,0.8637975741397929,0.1,0.0,590828.9241101561,0.9999999985074628,0.059082892411015615,67.0,1134,67.0,0.2562012936229971,0.7162911759685953,3
260,0,1,75,1600,0.08,0.43368823698005143,1,0.05459057071898724,7.236799313088801,0.48068669522739416,0.3950617283602238,932.0,1134,448.0,0.3777904719084087,0.768795471752461,5
261,0,1,75,1600,0.15,0.9367397574459557,0.1,0.0,1278659.6118801888,0.9999999993103449,0.12786596118801888,145.0,1134,145.0,0.3777904719084087,0.768795471752461,5
262,0,1,125,1200,0.09,0.6245654241512502,1,0.0059778930745998425,79.50973445468749,0.9104729728191769,0.4753086419333943,592.0,1134,539.0,0.6243335320227439,0.8317287053846193,8
263,0,1,125,1200,0.12,0.9596194733976867,0.1,0.0,1904761.9045939364,0.9999999995370371,0.19047619045939362,216.0,1134,216.0,0.6243335320227439,0.8317287053846193,8
264,0,1,101,200,0.1,0.36723544740789676,1,0.1418903676952189,3.3436129672739856,0.29955456568488004,0.4744268077183045,1796.0,1134,538.0,0.37567926478578295,0.6679768857188212,20
265,0,1,101,200,0.13,0.6424262792133286,0.1,0.016016241822512788,14.755652212159434,0.6536585364259369,0.23633156964406246,410.0,1134,268.0,0.37567926478578295,0.6679768857188212,20
266,0,0,301,200,0.04,0.2917669219883861,1,0.07218587863667734,3.7014912344271256,0.3213149522458839,0.26719576717220495,943.0,1134,303.0,0.29612162806400244,0.7474791735544424,1
267,0,0,301,200,0.04,0.3206717593254091,0.1,0.07218587863667734,3.7014912344271256,0.3213149522458839,0.26719576717220495,943.0,1134,303.0,0.29612162806400244,0.7474791735544424,1
268,1,1,201,1400,0.05,0.5609668910477511,1,0.10038348747912944,6.931085182131952,0.46992257293210704,0.6957671957058406,1679.0,1134,789.0,0.5717743428118127,0.8363303363303363,5
269,1,1,201,1400,0.06,0.9677890843774271,0.1,0.0,2292768.959233442,0.9999999996153845,0.22927689592334416,260.0,1134,260.0,0.5717743428118127,0.8363303363303363,5
270,0,0,11,1000,0.49,0.5394989902646178,1,0.12858109632158152,5.760879209918278,0.42424242422099784,0.7407407406754196,1980.0,1134,840.0,0.43519778485888627,0.8395075653140169,20
271,0,0,11,1000,1.33,0.7730639688966946,0.1,0.0,326278.65958322055,0.9999999972972973,0.03262786595832205,37.0,1134,37.0,0.43519778485888627,0.8395075653140169,20
272,0,0,175,800,0.06,0.6736007431652925,1,0.023122039250810713,25.93390082797071,0.7683615818340834,0.599647266261054,885.0,1134,680.0,0.6828955311589738,0.8443431817087732,45
273,0,0,175,800,0.08,0.9636822283917282,0.1,0.0011279043536980835,347.10361730098515,0.9779735680665256,0.3915343914998647,454.0,1134,444.0,0.6828955311589738,0.8443431817087732,45
274,0,1,301,400,0.04,0.5938818084022142,1,0.022445296638591863,22.119130754942002,0.7388451442599941,0.4964726630955491,762.0,1134,563.0,0.5653250697274762,0.8706843236413129,45
275,0,1,301,400,0.04,0.7352909290496372,0.1,0.022445296638591863,22.119130754942002,0.7388451442599941,0.4964726630955491,762.0,1134,563.0,0.5653250697274762,0.8706843236413129,45
276,0,1,101,800,0.06,0.4756225406228561,1,0.11718926234923088,5.10185895584232,0.3948747815728087,0.5978835978308744,1717.0,1134,678.0,0.5127845287263658,0.790099436604813,5
277,0,1,101,800,0.14,0.9519605348714262,0.1,0.0,1640211.6400670006,0.9999999994623656,0.16402116400670005,186.0,1134,186.0,0.5127845287263658,0.790099436604813,5
278,1,1,151,600,0.1,0.5488997128958193,1,0.0059778930745998425,66.2335264752406,0.8944223105788003,0.3959435625753136,502.0,1134,449.0,0.6435899940667158,0.8152338501800866,1
279,1,1,151,600,0.1,0.8834103866967906,0.1,0.0059778930745998425,66.2335264752406,0.8944223105788003,0.3959435625753136,502.0,1134,449.0,0.6435899940667158,0.8152338501800866,1
280,0,0,175,400,0.08,0.5045146265467636,1,0.021542973155633395,18.297291723305417,0.7006269591378328,0.39417989414513405,638.0,1134,447.0,0.5511612652320803,0.7847189648264917,8
281,0,0,175,400,0.08,0.6952750291003388,0.1,0.021542973155633395,18.297291723305417,0.7006269591378328,0.39417989414513405,638.0,1134,447.0,0.5511612652320803,0.7847189648264917,8
282,1,1,125,1600,0.06,0.5302287083969486,1,0.07500563952092255,7.6302214903651056,0.49391171990152877,0.5723104055932706,1314.0,1134,649.0,0.4346482507740353,0.8129091139843827,5
283,1,1,125,1600,0.08,0.57159316942286,0.1,0.04500338371255353,10.483217434596817,0.5728051391249673,0.4717813050730351,934.0,1134,535.0,0.4346482507740353,0.8129091139843827,5
284,0,0,175,600,0.06,0.5971809601179168,1,0.08538235957494493,8.314079339963017,0.5153649167403735,0.7098765431472771,1562.0,1134,805.0,0.7242837716304381,0.8870761854632823,1
285,0,0,175,600,0.08,0.9847352720509152,0.1,0.0,3897707.230696851,0.9999999997737556,0.3897707230696851,442.0,1134,442.0,0.7242837716304381,0.8870761854632823,1
286,1,0,301,2000,0.03,0.47527238621141055,1,0.2824272501660001,3.5407335703289866,0.3117097306126523,0.9999999999118165,3638.0,1134,1134.0,0.39358653762444773,0.8928401845068512,3
287,1,0,301,2000,0.03,0.3138485002192771,0.1,0.2824272501660001,3.5407335703289866,0.3117097306126523,0.9999999999118165,3638.0,1134,1134.0,0.39358653762444773,0.8928401845068512,3
288,0,1,51,400,0.2,0.3084383597804703,1,0.0688021655755831,4.075785558114961,0.3426724137561776,0.28042328039855174,928.0,1134,318.0,0.291211190646057,0.6224753939807703,45
289,0,1,51,400,0.28,0.9171387700975543,0.1,0.0,987654.3209005595,0.9999999991071429,0.09876543209005595,112.0,1134,112.0,0.291211190646057,0.6224753939807703,45
290,0,1,225,400,0.06,0.49881792263859237,1,0.015339499210293936,24.259697640480827,0.7562724012981591,0.37213403876788936,558.0,1134,422.0,0.5134751220112812,0.7577317147209619,5
291,0,1,225,400,0.06,0.7486210132287985,0.1,0.015339499210293936,24.259697640480827,0.7562724012981591,0.37213403876788936,558.0,1134,422.0,0.5134751220112812,0.7577317147209619,5
292,1,0,301,800,0.04,0.6310517096925623,1,0.1495601173003659,6.6862700386660245,0.46097560973735874,0.9999999999118165,2460.0,1134,1134.0,0.804918628618865,0.9663435926876787,1
293,1,0,301,800,0.05,0.9064144671143716,0.1,0.005526731333120609,84.24510130735446,0.9150779894427942,0.46560846556740665,577.0,1134,528.0,0.804918628618865,0.9663435926876787,1
294,1,0,51,1600,0.12,0.5015657203069941,1,0.19591698623735712,4.325516967287842,0.3561897701869463,0.8474426807012837,2698.0,1134,961.0,0.3533825721719902,0.8641272109014044,1
295,1,0,51,1600,0.24,0.4605490253570887,0.1,0.06169636814728517,6.689174033054912,0.46108374379693756,0.4126984126620195,1015.0,1134,468.0,0.3533825721719902,0.8641272109014044,1
296,0,0,25,2000,0.26,0.44114733198463957,1,0.13873223550486427,4.252412299902365,0.35229067928634594,0.5899470898950664,1899.0,1134,669.0,0.3324406034269532,0.8262428033933411,3
297,0,0,25,2000,0.56,0.8262737602999958,0.1,0.0,449735.4496957905,0.9999999980392157,0.044973544969579046,51.0,1134,51.0,0.3324406034269532,0.8262428033933411,3
298,0,1,11,2000,0.23,0.37554288642025213,1,0.14628919467464144,3.3877450156738482,0.30231307152757864,0.49559082888045936,1859.0,1134,562.0,0.27986930136831256,0.7531412733025638,20
299,0,1,11,2000,1.37,0.786909051130416,0.1,0.0,352733.6860359141,0.9999999975,0.03527336860359141,40.0,1134,40.0,0.27986930136831256,0.7531412733025638,20
300,1,0,151,2000,0.06,0.4716417462325906,1,0.1608391608373467,4.331336927899939,0.3564981949297609,0.6966490299209304,2216.0,1134,790.0,0.5923179496329058,0.883690980465174,45
301,1,0,151,2000,0.08,0.9760475757918541,0.1,0.0,2874779.5411927,0.9999999996932515,0.28747795411927,326.0,1134,326.0,0.5923179496329058,0.883690980465174,45
302,1,0,175,1800,0.06,0.544165715160506,1,0.17324610872802562,5.07988343941889,0.3938437253198957,0.8800705466596057,2534.0,1134,998.0,0.3295815835921064,0.86316809435089,1
303,1,0,175,1800,0.08,0.41547051238967375,0.1,0.011955786149199685,6.048100888130553,0.43617021253395205,0.0723104056373624,188.0,1134,82.0,0.3295815835921064,0.86316809435089,1
304,1,0,75,200,0.14,0.29375981776982774,1,0.29923302503610155,1.9214313527928213,0.19727685324667846,0.57495590823854,3305.0,1134,652.0,0.2784548414272523,0.6381735548402215,5
305,1,0,75,200,0.19,0.5747224313223072,0.1,0.008459282652735626,11.883739587985898,0.6031746028554632,0.10052910052023552,189.0,1134,114.0,0.2784548414272523,0.6381735548402215,5
306,0,1,275,1200,0.04,0.6060929505829399,1,0.01917437401286742,26.0763345904755,0.7693351423650835,0.49999999995590827,737.0,1134,567.0,0.7111884457137184,0.8833995554425662,3
307,0,1,275,1200,0.05,0.9818129855865634,0.1,0.0,3483245.149604652,0.9999999997468354,0.3483245149604652,395.0,1134,395.0,0.7111884457137184,0.8833995554425662,3
308,0,0,301,2000,0.02,0.527196613872309,1,0.22941574554219019,4.3588968213963835,0.3579545454432464,0.9999999999118165,3168.0,1134,1134.0,0.5759327297829694,0.9037547478407694,1
309,0,0,301,2000,0.02,0.360244543156172,0.1,0.22941574554219019,4.3588968213963835,0.3579545454432464,0.9999999999118165,3168.0,1134,1134.0,0.5759327297829694,0.9037547478407694,1
310,0,0,201,1200,0.05,0.7393182412499638,1,0.020189487931195696,33.63180803556506,0.8113804003359979,0.6790123456191347,949.0,1134,770.0,0.7563624475188541,0.9203839271043572,20
311,0,0,201,1200,0.07,0.93889033874422,0.1,0.0023685991427659756,158.96624566834672,0.9531249997872488,0.37654320984333833,448.0,1134,427.0,0.7563624475188541,0.9203839271043572,20
312,1,0,101,1000,0.1,0.5620961469501687,1,0.09801488833636346,7.0445979960305305,0.4739709442812366,0.6904761904153018,1652.0,1134,783.0,0.4719397675851599,0.8862610408309333,5
313,1,0,101,1000,0.12,0.5332426139103428,0.1,0.0269569140533842,9.15953004795582,0.5394990365049135,0.24691358022513987,519.0,1134,280.0,0.4719397675851599,0.8862610408309333,5
314,0,0,251,1000,0.03,0.538461497833638,1,0.20212046018269658,4.703219123316928,0.37560975608447356,0.9506172838667886,2870.0,1134,1078.0,0.3813608909369262,0.8868161905796315,20
315,0,0,251,1000,0.03,0.3778727556895801,0.1,0.20212046018269658,4.703219123316928,0.37560975608447356,0.9506172838667886,2870.0,1134,1078.0,0.3813608909369262,0.8868161905796315,20
316,1,0,175,1400,0.05,0.4303059338439341,1,0.23663433340585793,3.3017389030171818,0.29691689007047867,0.7813051145695498,2984.0,1134,886.0,0.3699191643585558,0.8170905657464798,5
317,1,0,175,1400,0.05,0.2987506880252168,0.1,0.23663433340585793,3.3017389030171818,0.29691689007047867,0.7813051145695498,2984.0,1134,886.0,0.3699191643585558,0.8170905657464798,5
318,0,0,201,1000,0.04,0.5666779302201849,1,0.11030904579167257,6.675163372134078,0.4605626033943429,0.7363315695999707,1813.0,1134,835.0,0.46076402842904374,0.895635477624725,20
319,0,0,201,1000,0.04,0.46227670616840205,0.1,0.11030904579167257,6.675163372134078,0.4605626033943429,0.7363315695999707,1813.0,1134,835.0,0.46076402842904374,0.895635477624725,20
320,0,1,25,800,0.14,0.3306177394554411,1,0.14944732686499607,2.8736076074208605,0.26876379689465985,0.4294532627487254,1812.0,1134,487.0,0.3127971680015088,0.6795447185232131,45
321,0,1,25,800,0.55,0.8817987454103476,0.1,0.0,687830.6877700326,0.9999999987179488,0.06878306877700326,78.0,1134,78.0,0.3127971680015088,0.6795447185232131,45
322,0,1,301,1800,0.03,0.858005993217784,1,0.0,7513227.512564971,0.9999999998826291,0.7513227512564971,852.0,1134,852.0,0.8900797081780984,0.9391062939450037,1
323,0,1,301,1800,0.03,0.9967334849187491,0.1,0.0,7513227.512564971,0.9999999998826291,0.7513227512564971,852.0,1134,852.0,0.8900797081780984,0.9391062939450037,1
324,1,0,225,200,0.05,0.23898277854547229,1,0.5594405594342494,1.3035822183835455,0.14290651459922402,0.7292768958792524,5787.0,1134,827.0,0.1998795627319586,0.6171464437593469,1
325,1,0,225,200,0.06,0.20703560739049828,0.1,0.12339273629457034,2.036769385060709,0.20667150107275767,0.2513227513005888,1379.0,1134,285.0,0.1998795627319586,0.6171464437593469,1
326,0,1,275,1600,0.03,0.7259512112067453,1,0.04015339499165178,18.645381896815795,0.704564315294227,0.7486772486112278,1205.0,1134,849.0,0.7710077547734088,0.9126887648393025,8
327,0,1,275,1600,0.03,0.7049754891417029,0.1,0.04015339499165178,18.645381896815795,0.704564315294227,0.7486772486112278,1205.0,1134,849.0,0.7710077547734088,0.9126887648393025,8
328,0,0,11,800,0.5700000000000001,0.4038207700372484,1,0.14538687119168298,3.7181074027420276,0.322292323852666,0.5405643738500384,1902.0,1134,613.0,0.38730736708138763,0.7887297389985561,1
329,0,0,11,800,1.33,0.7478135237620178,0.1,0.007895330475886584,25.911891508088683,0.7682119202754265,0.20458553790083017,302.0,1134,232.0,0.38730736708138763,0.7887297389985561,1
330,0,0,51,1000,0.11,0.5237731600529857,1,0.19952628016919097,4.552226331035942,0.3679885673323334,0.9082892415424788,2799.0,1134,1030.0,0.44925380707299384,0.9015690104399783,20
331,0,0,51,1000,0.2,0.5912880871419672,0.1,0.02955109406688979,11.518587244027474,0.5956790122537533,0.3403880070246571,648.0,1134,386.0,0.44925380707299384,0.9015690104399783,20
332,1,0,125,1800,0.08,0.5318226787055916,1,0.12057297541032513,5.8363254088597945,0.42742367432097356,0.7037037036416487,1867.0,1134,798.0,0.5206572458109794,0.8939979276000782,5
333,1,0,125,1800,0.1,0.9266047388192475,0.1,0.0,1111111.1110131296,0.9999999992063493,0.11111111110131294,126.0,1134,126.0,0.5206572458109794,0.8939979276000782,5
334,1,1,175,1000,0.05,0.5268028817128364,1,0.08752537784697129,6.88134225281656,0.4681288553483119,0.6022927689063233,1459.0,1134,683.0,0.5765343224934476,0.8386137458718104,45
335,1,1,175,1000,0.08,0.9533947404801003,0.1,0.0,1684303.35082149,0.9999999994764398,0.168430335082149,191.0,1134,191.0,0.5765343224934476,0.8386137458718104,45
336,1,1,201,1800,0.03,0.6636904273618012,1,0.07466726821481313,10.534670481449178,0.5740025739656369,0.7865961198600885,1554.0,1134,892.0,0.6900948120023637,0.8842878547179622,45
337,1,1,201,1800,0.06,0.9814618243960268,0.1,0.0,3439153.438850163,0.9999999997435897,0.34391534388501627,390.0,1134,390.0,0.6900948120023637,0.8842878547179622,45
338,1,1,101,1400,0.07,0.4045382917612062,1,0.10207534400967656,4.466385560450756,0.3635724331671187,0.455908289201419,1422.0,1134,517.0,0.38317705177129335,0.7481974417458289,45
339,1,1,101,1400,0.12,0.9555476445012204,0.1,0.0,1754850.0880286728,0.9999999994974874,0.17548500880286727,199.0,1134,199.0,0.38317705177129335,0.7481974417458289,45
340,0,0,25,1200,0.35000000000000003,0.5566342542734799,1,0.04816151590290817,11.022557850929484,0.5850340135485875,0.5308641974840508,1029.0,1134,602.0,0.6130086574913483,0.8586424527284742,20
341,0,0,25,1200,0.54,0.978989248074244,0.1,0.0,3156966.4900214314,0.9999999997206703,0.3156966490021431,358.0,1134,358.0,0.6130086574913483,0.8586424527284742,20
342,0,0,101,600,0.11,0.6252100340918053,1,0.056620798555643795,11.587323281032665,0.597110754366203,0.6560846560268002,1246.0,1134,744.0,0.6823318095200052,0.8607357397679978,5
343,0,0,101,600,0.14,0.9878178872093619,0.1,0.0,4453262.786203416,0.9999999998019802,0.4453262786203416,505.0,1134,505.0,0.6823318095200052,0.8607357397679978,5
344,0,0,275,400,0.05,0.5214327211498244,1,0.014098804421226045,27.77055434962774,0.7803163443268337,0.3915343914998647,569.0,1134,444.0,0.46451170425798427,0.8409668786012872,45
345,0,0,275,400,0.05,0.7727192466933328,0.1,0.014098804421226045,27.77055434962774,0.7803163443268337,0.3915343914998647,569.0,1134,444.0,0.46451170425798427,0.8409668786012872,45
346,0,1,301,200,0.04,0.4535487140896575,1,0.02323482968618052,14.91551088000108,0.6560934890390495,0.3465608465302856,599.0,1134,393.0,0.39635811180128866,0.7602072857449202,5
347,0,1,301,200,0.04,0.6503422478100189,0.1,0.02323482968618052,14.91551088000108,0.6560934890390495,0.3465608465302856,599.0,1134,393.0,0.39635811180128866,0.7602072857449202,5
348,0,1,101,1800,0.06,0.546852425122939,1,0.04263478456978756,11.768852512424852,0.6008447729038179,0.5017636683860879,947.0,1134,569.0,0.5452710580381743,0.8335067958723872,45
349,0,1,101,1800,0.11,0.9498260596500595,0.1,0.0,1578483.2450107157,0.9999999994413408,0.15784832450107156,179.0,1134,179.0,0.5452710580381743,0.8335067958723872,45
350,1,1,51,800,0.15,0.42831210971291855,1,0.0674486803511454,6.17099000686838,0.44112149528587646,0.4162257495223787,1070.0,1134,472.0,0.39140717291233024,0.7534112144327197,20
351,1,1,51,800,0.28,0.9241030081999726,0.1,0.0,1075837.742409538,0.9999999991803279,0.1075837742409538,122.0,1134,122.0,0.39140717291233024,0.7534112144327197,20
352,0,1,175,400,0.07,0.5035115678262937,1,0.028310399277821897,14.515277183887791,0.6499302649023807,0.41093474423183995,717.0,1134,466.0,0.5232929836374135,0.7157255826610665,8
353,0,1,175,400,0.08,0.9751169194227157,0.1,0.0,2795414.4618346193,0.9999999996845426,0.27954144618346194,317.0,1134,317.0,0.5232929836374135,0.7157255826610665,8
354,1,1,151,1600,0.08,0.5989686136849394,1,0.07128355515371888,9.339936777330836,0.5443403027725782,0.6657848323927879,1387.0,1134,755.0,0.5377164151046274,0.8290589338976436,1
355,1,1,151,1600,0.1,0.9398793517984181,0.1,0.0,1340388.0069364738,0.9999999993421053,0.13403880069364738,152.0,1134,152.0,0.5377164151046274,0.8290589338976436,1
356,1,1,101,1600,0.05,0.4813459645849091,1,0.10624859011835946,5.461214748931891,0.41124999997429684,0.5802469135290788,1600.0,1134,658.0,0.4373275474936266,0.7900409029441289,3
357,1,1,101,1600,0.15,0.9115514572631765,0.1,0.0,925925.9258442746,0.9999999990476192,0.09259259258442745,105.0,1134,105.0,0.4373275474936266,0.7900409029441289,3
358,0,1,11,1600,0.23,0.3685091655904597,1,0.14674035641612068,3.305215413287345,0.2971366828580693,0.4850088182993819,1851.0,1134,550.0,0.288241199921605,0.7713808493378387,20
359,0,1,11,1600,1.37,0.7778660663036758,0.1,0.0,335097.00173411844,0.999999997368421,0.033509700173411844,38.0,1134,38.0,0.288241199921605,0.7713808493378387,20
360,1,1,25,200,0.14,0.289773756071074,1,0.38799909767214075,1.7613993039028772,0.1838671411581526,0.6834215166945836,4215.0,1134,775.0,0.23279275933082025,0.6570343237009904,1
361,1,1,25,200,0.58,0.6373687331302658,0.1,0.003270922625724442,18.6016936607766,0.7040816319346106,0.060846560841195184,98.0,1134,69.0,0.23279275933082025,0.6570343237009904,1
362,1,0,251,800,0.05,0.7177382080869624,1,0.030678998420587873,22.621379473457246,0.7431539187211375,0.6940035272756611,1059.0,1134,787.0,0.7441473730850856,0.9119884993540908,8
363,1,0,251,800,0.06,0.9637662337212732,0.1,0.0010151139183282752,368.29450468306817,0.9792147803743152,0.373897707198069,433.0,1134,424.0,0.7441473730850856,0.9119884993540908,8
364,1,0,51,1400,0.24,0.5175257245717975,1,0.03428829235242174,12.910514188741375,0.6228287840418327,0.4426807759750722,806.0,1134,502.0,0.5513690737251581,0.8540324172044602,20
365,1,0,51,1400,0.26,0.9679440777608105,0.1,0.0,2301587.3013843396,0.9999999996168581,0.23015873013843396,261.0,1134,261.0,0.5513690737251581,0.8540324172044602,20
366,1,0,225,1400,0.04,0.38606533869966736,1,0.2535528987113292,2.813628249847081,0.2646385345023017,0.7134038800076363,3057.0,1134,809.0,0.2593814724268072,0.7982547619644393,5
367,1,0,225,1400,0.05,0.2992751672396983,0.1,0.050417324610304334,3.375698081126187,0.30156249995288087,0.17019400351232855,640.0,1134,193.0,0.2593814724268072,0.7982547619644393,5
368,0,0,25,800,0.46,0.41023013026780886,1,0.04737198285531951,7.4646394867414125,0.4884287453729076,0.3536155202510039,821.0,1134,401.0,0.46797863711744614,0.8065205403915081,1
369,0,0,25,800,0.59,0.9649677222426616,0.1,0.0,2142857.1426681783,0.9999999995884774,0.21428571426681783,243.0,1134,243.0,0.46797863711744614,0.8065205403915081,1
370,1,0,151,1600,0.05,0.4821682915483177,1,0.2321227159910656,3.8521844148894835,0.33007812498925526,0.8941798941010423,3072.0,1134,1014.0,0.4821621878161899,0.8924596908467877,5
371,1,0,151,1600,0.07,0.42465298247378414,0.1,0.07117076471834907,5.773918103399043,0.4247948951299184,0.41093474423183995,1097.0,1134,466.0,0.4821621878161899,0.8924596908467877,5
372,0,1,225,1800,0.03,0.6798191034827537,1,0.053237085494549544,13.698637317217234,0.6366435719294347,0.7292768958792524,1299.0,1134,827.0,0.7198917065056176,0.8918561526088409,3
373,0,1,225,1800,0.04,0.949050502312681,0.1,0.002255808707396167,190.75909213565652,0.9606299210707421,0.4303350969638152,508.0,1134,488.0,0.7198917065056176,0.8918561526088409,3
374,1,1,251,1000,0.04,0.6598406790291171,1,0.0713963455890887,10.745573687849825,0.578842315330749,0.7671957671281132,1503.0,1134,870.0,0.6321393743521606,0.8802888668480066,5
375,1,1,251,1000,0.05,0.6567605279412708,0.1,0.0337243401755727,15.087525232675429,0.6586757990115667,0.5088183421068061,876.0,1134,577.0,0.6321393743521606,0.8802888668480066,5
376,1,0,275,2000,0.03,0.46320677498413876,1,0.207759981951187,3.8073015928121516,0.327491785311154,0.7910052909355374,2739.0,1134,897.0,0.47826541216903484,0.8493539515044891,20
377,1,0,275,2000,0.03,0.3294028687016817,0.1,0.207759981951187,3.8073015928121516,0.327491785311154,0.7910052909355374,2739.0,1134,897.0,0.47826541216903484,0.8493539515044891,20
378,0,1,301,2000,0.03,0.8551401370148514,1,0.01026392961865256,78.61223484203848,0.9095427434483556,0.8068783068071536,1006.0,1134,915.0,0.84815732137146,0.9369615350798146,20
379,0,1,301,2000,0.03,0.9083982608085238,0.1,0.01026392961865256,78.61223484203848,0.9095427434483556,0.8068783068071536,1006.0,1134,915.0,0.84815732137146,0.9369615350798146,20
380,0,0,151,1800,0.04,0.590615297933944,1,0.1549740581981167,5.980401964013555,0.4334020618377979,0.9268077600593644,2425.0,1134,1051.0,0.5219137365742603,0.9031961666370268,45
381,0,0,151,1800,0.07,0.9394474151273801,0.1,0.0,1331569.6647855758,0.9999999993377484,0.13315696647855757,151.0,1134,151.0,0.5219137365742603,0.9031961666370268,45
382,0,0,251,400,0.04,0.45430805680351244,1,0.2727272727241966,3.375660137659722,0.30155979201901906,0.9206349205537359,3462.0,1134,1044.0,0.5479881476840738,0.8504912550611475,45
383,0,0,251,400,0.05,0.4729437179941065,0.1,0.06045567335821728,7.03066172282293,0.4734774066332537,0.4250440916732765,1018.0,1134,482.0,0.5479881476840738,0.8504912550611475,45
384,0,0,251,2000,0.03,0.6085911235614562,1,0.13331829460711347,6.700486174608412,0.46150341683546686,0.8932980598859525,2195.0,1134,1013.0,0.4014106931020806,0.8948780709533397,1
385,0,0,251,2000,0.03,0.4637226746593232,0.1,0.13331829460711347,6.700486174608412,0.46150341683546686,0.8932980598859525,2195.0,1134,1013.0,0.4014106931020806,0.8948780709533397,1
386,1,0,175,400,0.08,0.4219408784307734,1,0.06192194901802479,6.40846682374629,0.4504504504053603,0.39682539679040335,999.0,1134,450.0,0.33247297036468365,0.7375333248989162,5
387,1,0,175,400,0.08,0.4498484536949114,0.1,0.06192194901802479,6.40846682374629,0.4504504504053603,0.39682539679040335,999.0,1134,450.0,0.33247297036468365,0.7375333248989162,5
388,0,0,75,1000,0.13,0.5382059301907586,1,0.07060681254150003,8.09309670695935,0.508634222880013,0.5714285713781808,1274.0,1134,648.0,0.49155272883454204,0.9046548334182742,8
389,0,0,75,1000,0.15,0.5832164000854888,0.1,0.026618542747274772,11.19741406540583,0.5888501741134408,0.2980599647003474,574.0,1134,338.0,0.49155272883454204,0.9046548334182742,8
390,0,1,75,2000,0.06,0.40015474947839896,1,0.10523347620003119,4.332346249782622,0.35655172411334124,0.455908289201419,1450.0,1134,517.0,0.3788349533257418,0.7788553043929388,5
391,0,1,75,2000,0.14,0.9407275506621638,0.1,0.0,1358024.6912382694,0.9999999993506494,0.13580246912382693,154.0,1134,154.0,0.3788349533257418,0.7788553043929388,5
392,0,0,75,1400,0.11,0.5101245612345497,1,0.0878637491530807,6.573823210015348,0.4567642956445771,0.5776014108838093,1434.0,1134,655.0,0.49766040895609803,0.8640534097523345,1
393,0,0,75,1400,0.15,0.9327888238340004,0.1,0.0,1208112.874673006,0.999999999270073,0.12081128746730058,137.0,1134,137.0,0.49766040895609803,0.8640534097523345,1
394,0,1,101,1600,0.05,0.4741711149782867,1,0.09530791788748806,5.690266719432156,0.4212328766834772,0.5423280422802179,1460.0,1134,615.0,0.4674805834417283,0.8050509327391048,45
395,0,1,101,1600,0.12,0.9419620594413937,0.1,0.0,1384479.717690963,0.9999999993630574,0.1384479717690963,157.0,1134,157.0,0.4674805834417283,0.8050509327391048,45
