,smoothing,normalization,precision,lag_size,fut_size,chunk_size,thres,F1,beta,FPR,RFPR,Prec,Rec,tot_pred,tot_labels,tot_correctly_pred,prc,roc,order
0,1,0,8,1800,80,5,0.01,0.208935955490702,1,0.9685314685205444,1.0324908680460885,0.11665466515670553,0.9999999999118165,9721.0,1134,1134.0,0.11956571732357255,0.4882644237482947,45
1,1,0,8,1800,80,5,0.76,0.20452995932133292,0.1,0.01782088878842972,2.1277647216455016,0.21393034815227346,0.037918871248860765,201.0,1134,43.0,0.11956571732357255,0.4882644237482947,45
2,0,0,1,1200,1000,2,0.0,0.0,1,0.0,0.0,0.0,0.0,0.0,1134,0.0,0.1134,0.5,3
3,0,0,1,1200,1000,2,0.0,0.0,0.1,0.0,0.0,0.0,0.0,0.0,1134,0.0,0.1134,0.5,3
4,0,1,16,2000,1200,25,0.01,0.21530280971827398,1,0.9323257387668359,1.0725863837845486,0.12063829787105702,0.9999999999118165,9400.0,1134,1134.0,0.10839431200272713,0.5120987137116169,45
5,0,1,16,2000,1200,25,0.18,0.12970372514827874,0.1,0.378411910665707,1.155855941028595,0.12879771487590763,0.4373897706845335,3851.0,1134,496.0,0.10839431200272713,0.5120987137116169,45
6,0,1,4,1000,500,2,0.11,0.49361928941984107,1,0.1849763140064857,4.333456812977839,0.356610435450898,0.8015873015166148,2549.0,1134,909.0,0.3179752240755769,0.7928912982676425,8
7,0,1,4,1000,500,2,0.7000000000000001,0.44374232813671544,0.1,0.01714414617621087,6.583828671809208,0.4571428569795918,0.11287477953149251,280.0,1134,128.0,0.3179752240755769,0.7928912982676425,8
8,1,1,2,1000,80,50,0.03,0.208935955490702,1,0.9685314685205444,1.0324908680460885,0.11665466515670553,0.9999999999118165,9721.0,1134,1134.0,0.11277882652274787,0.3123417800837156,20
9,1,1,2,1000,80,50,0.61,0.3588732020010527,0.1,0.029212722760780362,4.49779533885989,0.3651960783418637,0.13139329804837802,408.0,1134,149.0,0.11277882652274787,0.3123417800837156,20
10,0,1,256,800,100,35,0.99,0.20932162407893193,1,0.9662756598131482,1.0349012585239536,0.11689516544565616,0.9999999999118165,9701.0,1134,1134.0,0.11689516544686115,0.5168621700879765,20
11,0,1,256,800,100,35,0.99,0.11792625521633603,0.1,0.9662756598131482,1.0349012585239536,0.11689516544565616,0.9999999999118165,9701.0,1134,1134.0,0.11689516544686115,0.5168621700879765,20
12,0,0,8,1500,80,9,0.0,0.2037003589239178,1,0.9999999999887209,0.9999998999231057,0.11339999999886599,0.9999999999118165,10000.0,1134,1134.0,0.11334364874299899,0.47616839552323426,8
13,0,0,8,1500,80,9,0.77,0.19533098537428067,0.1,0.018948793142127805,2.0011127280336116,0.20379146909772916,0.037918871248860765,211.0,1134,43.0,0.11334364874299899,0.47616839552323426,8
14,0,0,64,2000,1800,7,0.16,0.22303628928639097,1,0.802165576350077,1.1377929017990203,0.12704062845063163,0.9126984126179277,8147.0,1134,1035.0,0.15843937123928242,0.5264985412834875,1
15,0,0,64,2000,1800,7,0.89,0.5333737399309414,0.1,0.0012406947890678918,17.767527371553427,0.6944444425154321,0.02204585537724463,36.0,1134,25.0,0.15843937123928242,0.5264985412834875,1
16,1,1,512,1000,800,7,0.78,0.21488570016392614,1,0.9027746446999461,1.074484684350765,0.12082601054348828,0.9700176365987638,9104.0,1134,1100.0,0.08322334709486279,0.33638683101048694,1
17,1,1,512,1000,800,7,0.78,0.12188244054486047,0.1,0.9027746446999461,1.074484684350765,0.12082601054348828,0.9700176365987638,9104.0,1134,1100.0,0.08322334709486279,0.33638683101048694,1
18,0,1,32,40,40,25,0.13,0.2524525461563381,1,0.3241597112528292,1.5750934965184689,0.16768027801425775,0.5105820105369857,3453.0,1134,579.0,0.14340723577222592,0.6012056939476293,45
19,0,1,32,40,40,25,0.7000000000000001,0.27964733286575655,0.1,0.002255808707396167,4.690797347598111,0.374999998828125,0.010582010581077423,32.0,1134,12.0,0.14340723577222592,0.6012056939476293,45
20,1,1,256,1000,500,90,0.99,0.2112715227867682,1,0.9549966162761674,1.0471240192438893,0.11811269659287456,0.9999999999118165,9601.0,1134,1134.0,0.11811269659410478,0.5225016918565306,8
21,1,1,256,1000,500,90,0.99,0.11915307673148229,0.1,0.9549966162761674,1.0471240192438893,0.11811269659287456,0.9999999999118165,9601.0,1134,1134.0,0.11811269659410478,0.5225016918565306,8
22,1,1,128,1500,40,9,0.24,0.21274693625014512,1,0.775095871861323,1.0842373557463465,0.12178913737863528,0.8403880069805654,7825.0,1134,953.0,0.09219431742992105,0.4348661095972924,1
23,1,1,128,1500,40,9,0.24,0.12282901017813808,0.1,0.775095871861323,1.0842373557463465,0.12178913737863528,0.8403880069805654,7825.0,1134,953.0,0.09219431742992105,0.4348661095972924,1
24,0,0,16,80,80,25,0.05,0.24557195464135897,1,0.6150462440715649,1.3219347682492328,0.1446274509781235,0.8130511463127821,6375.0,1134,922.0,0.14840058386178345,0.5931317786156496,1
25,0,0,16,80,80,25,0.61,0.3386795106317466,0.1,0.006993006992928118,4.665718112323672,0.37373737335986124,0.03262786595832205,99.0,1134,37.0,0.14840058386178345,0.5931317786156496,1
26,0,1,32,2000,1800,8,0.13,0.24120732374066992,1,0.6279043537037231,1.2906512111632558,0.1416897933989872,0.8104056436675127,6486.0,1134,919.0,0.15121268058621176,0.5960597546619051,3
27,0,1,32,2000,1800,8,0.62,0.23951256718756905,0.1,0.03609293931833867,2.5165219075385044,0.24349881790933833,0.09082892415424788,423.0,1134,103.0,0.15121268058621176,0.5960597546619051,3
28,0,0,16,1200,1200,40,0.02,0.21547709446255672,1,0.909880442128244,1.0767543293904884,0.12105033776289986,0.9797178129647515,9178.0,1134,1111.0,0.09224077873116354,0.42348412240885364,5
29,0,0,16,1200,1200,40,0.02,0.12210995409844647,0.1,0.909880442128244,1.0767543293904884,0.12105033776289986,0.9797178129647515,9178.0,1134,1111.0,0.09224077873116354,0.42348412240885364,5
30,1,0,2,2000,40,1,0.62,0.2216027542738701,1,0.016016241822512788,8.754286200497575,0.5282392024823125,0.14021164019927587,301.0,1134,159.0,0.15149224125466434,0.3428260807293065,5
31,1,0,2,2000,40,1,0.84,0.6408985308997895,0.1,0.001579066095177317,24.57037646796349,0.7586206883472056,0.03880070546395055,58.0,1134,44.0,0.15149224125466434,0.3428260807293065,5
32,1,1,16,2000,100,1,0.2,0.30530335274241843,1,0.27216332054734754,2.0704180683397295,0.20937090431817265,0.5634920634423728,3052.0,1134,639.0,0.30309503255999215,0.6434953934953935,5
33,1,1,16,2000,100,1,0.59,0.9089456223201237,0.1,0.0,899470.899391581,0.9999999990196079,0.08994708993915809,102.0,1134,102.0,0.30309503255999215,0.6434953934953935,5
34,0,0,256,1500,100,2,0.13,0.22585209639139348,1,0.7908865328130962,1.1562492563510234,0.12883588023196874,0.9144620810481073,8049.0,1134,1037.0,0.09904008604893356,0.481507391453628,3
35,0,0,256,1500,100,2,0.13,0.12994115454360797,0.1,0.7908865328130962,1.1562492563510234,0.12883588023196874,0.9144620810481073,8049.0,1134,1037.0,0.09904008604893356,0.481507391453628,3
36,1,1,128,1800,1000,18,0.85,0.2300378079387578,1,0.8484096548516984,1.169321175649873,0.1301029258687394,0.9920634919760084,8647.0,1134,1125.0,0.11419113018773856,0.48512777545035607,8
37,1,1,128,1800,1000,18,0.85,0.13123183954461992,0.1,0.8484096548516984,1.169321175649873,0.1301029258687394,0.9920634919760084,8647.0,1134,1125.0,0.11419113018773856,0.48512777545035607,8
38,0,0,1,1000,500,35,0.0,0.0,1,0.0,0.0,0.0,0.0,0.0,1134,0.0,0.1134,0.5,1
39,0,0,1,1000,500,35,0.0,0.0,0.1,0.0,0.0,0.0,0.0,0.0,1134,0.0,0.1134,0.5,1
40,0,1,8,1800,1000,5,0.05,0.31246519322734523,1,0.556169636808525,1.7805712141557313,0.1854971919361497,0.9902998235458289,6054.0,1134,1123.0,0.17577340761677876,0.7153076911141427,3
41,0,1,8,1800,1000,5,0.33,0.2081223675725139,0.1,0.1986239566862325,2.042268926075248,0.20711391264263335,0.40564373894130124,2221.0,1134,460.0,0.17577340761677876,0.7153076911141427,3
42,1,0,16,1500,1500,9,0.38,0.25461030626072845,1,0.20302278366565504,1.8590271069146294,0.19210053859101883,0.3774250440584281,2228.0,1134,428.0,0.17205340110079206,0.6095006646081915,5
43,1,0,16,1500,1500,9,0.75,0.30591867874542317,0.1,0.039476652379432924,3.507076023842999,0.30966469421900106,0.1384479717690963,507.0,1134,157.0,0.17205340110079206,0.6095006646081915,5
44,1,1,16,1200,100,100,0.01,0.20932162407893193,1,0.9662756598131482,1.0349012585239536,0.11689516544565616,0.9999999999118165,9701.0,1134,1134.0,0.1170761924427008,0.36363636363636365,20
45,1,1,16,1200,100,100,0.01,0.11792625521633603,0.1,0.9662756598131482,1.0349012585239536,0.11689516544565616,0.9999999999118165,9701.0,1134,1134.0,0.1170761924427008,0.36363636363636365,20
46,1,0,8,1500,100,10,0.23,0.24678659342278905,1,0.29517256936278846,1.5774104918743013,0.16788553258607677,0.46560846556740665,3145.0,1134,528.0,0.13496604866247766,0.5533259054764431,5
47,1,0,8,1500,100,10,0.77,0.2039912864509895,0.1,0.013873223550486428,2.161152171211451,0.2165605094162035,0.0299823633130527,157.0,1134,34.0,0.13496604866247766,0.5533259054764431,5
48,1,0,256,1000,80,10,0.73,0.2240556459961165,1,0.8796526054491354,1.1297949227573365,0.126260362983125,0.993827160406188,8926.0,1134,1127.0,0.11191920822259252,0.45971093820556186,5
49,1,0,256,1000,80,10,0.73,0.12736114835045692,0.1,0.8796526054491354,1.1297949227573365,0.126260362983125,0.993827160406188,8926.0,1134,1127.0,0.11191920822259252,0.45971093820556186,5
50,0,1,64,1800,1500,35,0.99,0.2112715227867682,1,0.9549966162761674,1.0471240192438893,0.11811269659287456,0.9999999999118165,9601.0,1134,1134.0,0.11811269659410478,0.5225016918565306,8
51,0,1,64,1800,1500,35,0.99,0.11915307673148229,0.1,0.9549966162761674,1.0471240192438893,0.11811269659287456,0.9999999999118165,9601.0,1134,1134.0,0.11811269659410478,0.5225016918565306,8
52,1,1,128,2000,1000,35,0.99,0.2112715227867682,1,0.9549966162761674,1.0471240192438893,0.11811269659287456,0.9999999999118165,9601.0,1134,1134.0,0.11811269659410478,0.5225016918565306,3
53,1,1,128,2000,1000,35,0.99,0.11915307673148229,0.1,0.9549966162761674,1.0471240192438893,0.11811269659287456,0.9999999999118165,9601.0,1134,1134.0,0.11811269659410478,0.5225016918565306,3
54,0,0,32,1800,1500,80,0.03,0.2115474113559544,1,0.9534175501809901,1.048858283378731,0.11828517784376462,0.9999999999118165,9587.0,1134,1134.0,0.11830985915492957,0.44219490187232124,45
55,0,0,32,1800,1500,80,0.03,0.11932687168711215,0.1,0.9534175501809901,1.048858283378731,0.11828517784376462,0.9999999999118165,9587.0,1134,1134.0,0.11830985915492957,0.44219490187232124,45
56,0,1,16,800,80,10,0.19,0.2397081497006428,1,0.44360478230945627,1.3716386646698122,0.1492537313400551,0.6084656084119519,4623.0,1134,690.0,0.14296834670220915,0.5932856967803204,8
57,0,1,16,800,80,10,0.74,0.2742396913662443,0.1,0.017482517482320294,3.1273189721651673,0.28571428558262013,0.05467372133556669,217.0,1134,62.0,0.14296834670220915,0.5932856967803204,8
58,0,1,4,80,40,18,0.37,0.24913222997953427,1,0.1281299345801023,2.222995197085767,0.22138450992314018,0.28483245147400066,1459.0,1134,323.0,0.14697285760385412,0.5043573511315447,5
59,0,1,4,80,40,18,0.74,0.2742873733386291,0.1,0.04410106022959507,2.999357195475814,0.2772643252722247,0.1322751322634678,541.0,1134,150.0,0.14697285760385412,0.5043573511315447,5
60,1,1,256,2000,1000,18,0.99,0.2112715227867682,1,0.9549966162761674,1.0471240192438893,0.11811269659287456,0.9999999999118165,9601.0,1134,1134.0,0.11811269659410478,0.5225016918565306,20
61,1,1,256,2000,1000,18,0.99,0.11915307673148229,0.1,0.9549966162761674,1.0471240192438893,0.11811269659287456,0.9999999999118165,9601.0,1134,1134.0,0.11811269659410478,0.5225016918565306,20
62,1,1,16,1500,80,20,0.12,0.2338087908382796,1,0.4795849311924251,1.311024645193196,0.14360523665370384,0.6287477953590169,4965.0,1134,713.0,0.11346014865588372,0.5445809168927449,45
63,1,1,16,1500,80,20,0.12,0.14471074840392753,0.1,0.4795849311924251,1.311024645193196,0.14360523665370384,0.6287477953590169,4965.0,1134,713.0,0.11346014865588372,0.5445809168927449,45
64,0,0,128,1200,100,9,0.28,0.21658413775600216,1,0.8472817504980004,1.0928192611467487,0.12263489838679473,0.9259259258442746,8562.0,1134,1050.0,0.10818352096236987,0.5052986639008143,8
65,0,0,128,1200,100,9,0.28,0.12369740213324254,0.1,0.8472817504980004,1.0928192611467487,0.12263489838679473,0.9259259258442746,8562.0,1134,1050.0,0.10818352096236987,0.5052986639008143,8
66,1,0,512,2000,1000,100,0.99,0.2112715227867682,1,0.9549966162761674,1.0471240192438893,0.11811269659287456,0.9999999999118165,9601.0,1134,1134.0,0.11811269659410478,0.5225016918565306,20
67,1,0,512,2000,1000,100,0.99,0.11915307673148229,0.1,0.9549966162761674,1.0471240192438893,0.11811269659287456,0.9999999999118165,9601.0,1134,1134.0,0.11811269659410478,0.5225016918565306,20
68,1,1,128,1500,500,70,0.99,0.2112715227867682,1,0.9549966162761674,1.0471240192438893,0.11811269659287456,0.9999999999118165,9601.0,1134,1134.0,0.11811269659410478,0.5225016918565306,8
69,1,1,128,1500,500,70,0.99,0.11915307673148229,0.1,0.9549966162761674,1.0471240192438893,0.11811269659287456,0.9999999999118165,9601.0,1134,1134.0,0.11811269659410478,0.5225016918565306,8
70,1,1,8,1500,40,2,0.11,0.20816886615555166,1,0.9730430859353367,1.0277036151798007,0.11617662124663275,0.9999999999118165,9761.0,1134,1134.0,0.08228755937206686,0.29751595477401926,8
71,1,1,8,1500,40,2,0.91,0.16601498657229988,0.1,0.007895330475886584,1.7870270005578404,0.18604651141157383,0.014109347441436564,86.0,1134,16.0,0.08228755937206686,0.29751595477401926,8
72,0,1,8,2000,1000,6,0.08,0.3069077133184728,1,0.48996165124644747,1.7872035385547984,0.18605958403248904,0.8756613755841568,5337.0,1134,993.0,0.1739250135029891,0.7117840840959121,8
73,0,1,8,2000,1000,6,0.32,0.20797515280319054,0.1,0.20358673584250409,2.04013149272874,0.20694200350584616,0.41534391530728887,2276.0,1134,471.0,0.1739250135029891,0.7117840840959121,8
74,0,0,8,1000,100,30,0.04,0.21723088119179737,1,0.798669072853613,1.1052336553205953,0.12385548131497333,0.882716049304875,8082.0,1134,1001.0,0.10714494078620218,0.48569943596825316,3
75,0,0,8,1000,100,30,0.85,0.1568735742180451,0.1,0.020189487931195696,1.5287185470711389,0.163551401792733,0.030864197528142484,214.0,1134,35.0,0.10714494078620218,0.48569943596825316,3
76,1,1,2,2000,2000,60,0.2,0.6164170913034768,1,0.02323482968618052,22.657913474200114,0.7434620173420347,0.5264550264086019,803.0,1134,597.0,0.5957826868774466,0.8487105288180555,5
77,1,1,2,2000,2000,60,0.93,0.9200557214760129,0.1,0.0,1022927.6895041509,0.9999999991379311,0.10229276895041509,116.0,1134,116.0,0.5957826868774466,0.8487105288180555,5
78,1,1,32,500,40,2,0.2,0.2217554500980712,1,0.779269117970006,1.135011748621512,0.1267694641035545,0.8844797177350546,7912.0,1134,1003.0,0.13576743097838184,0.47474021398752586,8
79,1,1,32,500,40,2,0.9,0.7188591359626056,0.1,0.0,246913.58022513989,0.9999999964285714,0.024691358022513987,28.0,1134,28.0,0.13576743097838184,0.47474021398752586,8
80,1,1,4,1500,500,20,0.13,0.4785240263027318,1,0.16974960523156157,4.3117741944004,0.355460385423749,0.7319223985245218,2335.0,1134,830.0,0.2965730611918869,0.7831999740601892,8
81,1,1,4,1500,500,20,0.68,0.43162347007726587,0.1,0.013986013985856235,6.368120252282908,0.4488888886893827,0.08906525572406832,225.0,1134,101.0,0.2965730611918869,0.7831999740601892,8
82,0,1,2,1800,1500,60,0.2,0.6164170913034768,1,0.02323482968618052,22.657913474200114,0.7434620173420347,0.5264550264086019,803.0,1134,597.0,0.5957826868774466,0.8487105288180555,3
83,0,1,2,1800,1500,60,0.93,0.9200557214760129,0.1,0.0,1022927.6895041509,0.9999999991379311,0.10229276895041509,116.0,1134,116.0,0.5957826868774466,0.8487105288180555,3
84,1,0,16,800,80,2,0.33,0.28761569663230624,1,0.20584254454990025,2.129158444587403,0.21403962100714732,0.4382716048996233,2322.0,1134,497.0,0.2609767400316854,0.6287463532087187,5
85,1,0,16,800,80,2,0.76,0.8579758776065802,0.1,0.0,564373.8976574626,0.9999999984375001,0.056437389765746256,64.0,1134,64.0,0.2609767400316854,0.6287463532087187,5
86,0,1,2,1200,80,30,0.46,0.339307005239461,1,0.02887435145467094,8.67344328527446,0.5259259258285323,0.25044091708549904,540.0,1134,284.0,0.18841214955397279,0.4243051850578733,20
87,0,1,2,1200,80,30,0.92,0.5264060743118462,0.1,0.0033837130610942508,11.727166649746271,0.5999999992,0.03968253967904034,75.0,1134,45.0,0.18841214955397279,0.4243051850578733,20
88,1,0,256,100,40,15,0.9,0.20721788914180767,1,0.9786826077038271,1.0217816173108891,0.11558454795519738,0.9999999999118165,9811.0,1134,1134.0,0.11972542934193932,0.5233822330596525,8
89,1,0,256,100,40,15,0.9500000000000001,0.17348886773817115,0.1,0.03733363410740657,1.6770417095501207,0.176616915378951,0.06261022927137476,402.0,1134,71.0,0.11972542934193932,0.5233822330596525,8
90,1,1,128,2000,80,90,0.99,0.21142908521802856,1,0.9540942927932089,1.0481143243953193,0.11821119566227237,0.9999999999118165,9593.0,1134,1134.0,0.11821119566350465,0.5229528535980149,5
91,1,1,128,2000,80,90,0.99,0.11925232609312031,0.1,0.9540942927932089,1.0481143243953193,0.11821119566227237,0.9999999999118165,9593.0,1134,1134.0,0.11821119566350465,0.5229528535980149,5
92,0,0,512,100,80,11,0.93,0.2122402954543909,1,0.9494698849430467,1.0532191809852745,0.11871859296358124,0.9999999999118165,9552.0,1134,1134.0,0.11871859296482412,0.483927362959621,8
93,0,0,512,100,80,11,0.93,0.11976358527352653,0.1,0.9494698849430467,1.0532191809852745,0.11871859296358124,0.9999999999118165,9552.0,1134,1134.0,0.11871859296482412,0.483927362959621,8
94,1,1,8,2000,40,90,0.0,0.2037003589239178,1,0.9999999999887209,0.9999998999231057,0.11339999999886599,0.9999999999118165,10000.0,1134,1134.0,0.08038943466122073,0.30334435576371055,20
95,1,1,8,2000,40,90,0.0,0.11440425413423087,0.1,0.9999999999887209,0.9999998999231057,0.11339999999886599,0.9999999999118165,10000.0,1134,1134.0,0.08038943466122073,0.30334435576371055,20
96,1,1,256,1200,800,7,0.42,0.21645931079122718,1,0.9231897135018814,1.08033524924126,0.12140403606567834,0.9973544972665471,9316.0,1134,1131.0,0.09454113465176295,0.4221034839314409,5
97,1,1,256,1200,800,7,0.42,0.12246898747047821,0.1,0.9231897135018814,1.08033524924126,0.12140403606567834,0.9973544972665471,9316.0,1134,1131.0,0.09454113465176295,0.4221034839314409,5
98,0,0,128,2000,1500,12,0.53,0.22947816084990003,1,0.8537108053140794,1.1651590584465188,0.1296998965145487,0.9947089946212778,8697.0,1134,1128.0,0.10972661509545042,0.5138239896304412,3
99,0,0,128,2000,1500,12,0.54,0.13605173697950299,0.1,0.5790660951885961,1.2198073590824399,0.13496208929848422,0.706349206286918,5935.0,1134,801.0,0.10972661509545042,0.5138239896304412,3
100,0,1,8,1800,1200,20,0.26,0.29214683518498447,1,0.23144597337884673,2.076508104923667,0.20985752790874634,0.480599647223933,2597.0,1134,545.0,0.16546099668808048,0.69123250306046,3
101,0,1,8,1800,1200,20,0.26,0.21103456065645443,0.1,0.23144597337884673,2.076508104923667,0.20985752790874634,0.480599647223933,2597.0,1134,545.0,0.16546099668808048,0.69123250306046,3
102,0,0,128,1500,800,8,0.19,0.2251682438693582,1,0.8535980148787097,1.1405191230974743,0.1273062730612626,0.9735449734591229,8672.0,1134,1104.0,0.11441351133104445,0.5359696555933114,20
103,0,0,128,1500,800,8,0.28,0.1307300189437558,0.1,0.34919918790492666,1.1666902582069467,0.12984822933867768,0.4074074073714808,3558.0,1134,462.0,0.11441351133104445,0.5359696555933114,20
104,0,1,8,40,40,100,0.52,0.25391106382621376,1,0.7470110534542407,1.331585197920623,0.14552960908082144,0.9947089946212778,7751.0,1134,1128.0,0.1278241012755302,0.5723020507966745,8
105,0,1,8,40,40,100,0.52,0.14677016023757145,0.1,0.7470110534542407,1.331585197920623,0.14552960908082144,0.9947089946212778,7751.0,1134,1128.0,0.1278241012755302,0.5723020507966745,8
106,1,1,512,1200,500,50,0.99,0.2112715227867682,1,0.9549966162761674,1.0471240192438893,0.11811269659287456,0.9999999999118165,9601.0,1134,1134.0,0.11811269659410478,0.5225016918565306,20
107,1,1,512,1200,500,50,0.99,0.11915307673148229,0.1,0.9549966162761674,1.0471240192438893,0.11811269659287456,0.9999999999118165,9601.0,1134,1134.0,0.11811269659410478,0.5225016918565306,20
108,1,0,64,1000,100,60,0.99,0.20932162407893193,1,0.9662756598131482,1.0349012585239536,0.11689516544565616,0.9999999999118165,9701.0,1134,1134.0,0.11689516544686115,0.5168621700879765,5
109,1,0,64,1000,100,60,0.99,0.11792625521633603,0.1,0.9662756598131482,1.0349012585239536,0.11689516544565616,0.9999999999118165,9701.0,1134,1134.0,0.11689516544686115,0.5168621700879765,5
110,0,0,16,1500,1500,60,0.02,0.2157944621910517,1,0.9296187683179604,1.0757096633819436,0.12094709897481924,0.9999999999118165,9376.0,1134,1134.0,0.08735542791580875,0.3369041352912321,1
111,0,0,16,1500,1500,60,0.02,0.12200899142803463,0.1,0.9296187683179604,1.0757096633819436,0.12094709897481924,0.9999999999118165,9376.0,1134,1134.0,0.08735542791580875,0.3369041352912321,1
112,0,1,4,1200,500,5,0.1,0.48504269278772316,1,0.19196932099941383,4.1710052733032414,0.3478927202931842,0.800705467301525,2610.0,1134,908.0,0.30533316015578976,0.7879499532725339,45
113,0,1,4,1200,500,5,0.65,0.4348346417841402,0.1,0.017369727046950487,6.346020405860946,0.44802867367454163,0.11022927688622317,279.0,1134,125.0,0.30533316015578976,0.7879499532725339,45
114,1,1,64,1800,80,15,0.26,0.2103310578697483,1,0.9604105571739181,1.0412212655515436,0.11752513213682739,0.9999999999118165,9649.0,1134,1134.0,0.11504933380736353,0.504702535616514,1
115,1,1,64,1800,80,15,0.61,0.17207820467624332,0.1,0.02673133318264458,1.6824217640069588,0.17708333327184606,0.044973544969579046,288.0,1134,51.0,0.11504933380736353,0.504702535616514,1
116,0,1,256,2000,1200,10,0.8,0.2225492884302423,1,0.8936386194349916,1.1190204477085244,0.12520702219139662,0.9999999999118165,9057.0,1134,1134.0,0.12412203613895274,0.5024409580861193,20
117,0,1,256,2000,1200,10,0.88,0.1696527634442355,0.1,0.11436950146498567,1.596050700408099,0.16953316951928474,0.18253968252358554,1221.0,1134,207.0,0.12412203613895274,0.5024409580861193,20
118,0,0,64,500,100,10,0.15,0.21314251528624145,1,0.9424768779501186,1.0591625629442902,0.11930860033601065,0.9982363314816369,9488.0,1134,1132.0,0.14063911280014535,0.4855958955421321,8
119,0,0,64,500,100,10,0.84,0.5131903273944419,0.1,0.0043988269794225255,10.424219224181929,0.571428570800628,0.04585537918466884,91.0,1134,52.0,0.14063911280014535,0.4855958955421321,8
120,1,0,128,2000,1200,80,0.99,0.2112715227867682,1,0.9549966162761674,1.0471240192438893,0.11811269659287456,0.9999999999118165,9601.0,1134,1134.0,0.11811269659410478,0.5225016918565306,3
121,1,0,128,2000,1200,80,0.99,0.11915307673148229,0.1,0.9549966162761674,1.0471240192438893,0.11811269659287456,0.9999999999118165,9601.0,1134,1134.0,0.11811269659410478,0.5225016918565306,3
122,1,1,8,1800,1500,7,0.08,0.3057914768894993,1,0.49075118429403614,1.7789375206521425,0.18535854708508973,0.8730158729388874,5341.0,1134,990.0,0.1727051791549656,0.7095623412827714,1
123,1,1,8,1800,1500,7,0.33,0.208294884011393,0.1,0.19884953755697213,2.044386794720297,0.2072841726525502,0.40652557315639104,2224.0,1134,461.0,0.1727051791549656,0.7095623412827714,1
124,1,1,512,800,80,90,0.99,0.21142908521802856,1,0.9540942927932089,1.0481143243953193,0.11821119566227237,0.9999999999118165,9593.0,1134,1134.0,0.11821119566350465,0.5229528535980149,45
125,1,1,512,800,80,90,0.99,0.11925232609312031,0.1,0.9540942927932089,1.0481143243953193,0.11821119566227237,0.9999999999118165,9593.0,1134,1134.0,0.11821119566350465,0.5229528535980149,45
126,0,0,2,800,500,18,0.05,0.7058823036047426,1,0.019738326189716462,31.89867436858456,0.8031496062088695,0.6296296295741067,889.0,1134,714.0,0.6179437787898081,0.8529065021000506,1
127,0,0,2,800,500,18,0.12,0.8180667669132918,0.1,0.015339499210293936,36.10210928488616,0.8219895286882213,0.5537918870763852,764.0,1134,628.0,0.6179437787898081,0.8529065021000506,1
128,1,0,8,1000,800,70,0.01,0.23468540974404054,1,0.8341980599951025,1.1987559405761425,0.13294255568425623,0.9999999999118165,8530.0,1134,1134.0,0.11213068983882957,0.5359652295136166,1
129,1,0,8,1000,800,70,0.09,0.1398050999177056,0.1,0.516129032252243,1.2592039005532174,0.13871635610504957,0.6499118165211718,5313.0,1134,737.0,0.11213068983882957,0.5359652295136166,1
130,1,0,64,800,500,9,0.22,0.2239280405043443,1,0.7854725919153454,1.1462559333682178,0.12786474639789774,0.9003527336066708,7985.0,1134,1021.0,0.20371613554927792,0.5511650336919154,3
131,1,0,64,800,500,9,0.92,0.695590836757638,0.1,0.0010151139183282752,39.08786016683507,0.8333333317901235,0.03968253967904034,54.0,1134,45.0,0.20371613554927792,0.5511650336919154,3
132,0,0,512,1000,80,9,0.89,0.22499998002678748,1,0.8811188811089429,1.1349205060288845,0.12676056337886474,0.9999999999118165,8946.0,1134,1134.0,0.11925991010158893,0.39542407015525294,5
133,0,0,512,1000,80,9,0.89,0.12786607247219564,0.1,0.8811188811089429,1.1349205060288845,0.12676056337886474,0.9999999999118165,8946.0,1134,1134.0,0.11925991010158893,0.39542407015525294,5
134,1,1,4,80,80,5,0.29,0.3670019624241775,1,0.10094743965597848,3.9834195409945017,0.3375277571918928,0.40211640208094207,1351.0,1134,456.0,0.27266936328280716,0.711203173568765,20
135,1,1,4,80,80,5,0.88,0.49396652413492204,0.1,0.002255808707396167,11.726993368995279,0.5999999988,0.02645502645269356,50.0,1134,30.0,0.27266936328280716,0.711203173568765,20
136,1,0,1,800,100,12,0.99,0.20932162407893193,1,0.9662756598131482,1.0349012585239536,0.11689516544565616,0.9999999999118165,9701.0,1134,1134.0,0.11689516544686115,0.5168621700879765,5
137,1,0,1,800,100,12,0.99,0.11792625521633603,0.1,0.9662756598131482,1.0349012585239536,0.11689516544565616,0.9999999999118165,9701.0,1134,1134.0,0.11689516544686115,0.5168621700879765,5
138,0,1,16,2000,2000,20,0.03,0.2226318279051261,1,0.8508910444298342,1.1265292841247103,0.1259413741150974,0.9585537918025966,8631.0,1134,1087.0,0.11884220784586527,0.5364922313847045,45
139,0,1,16,2000,2000,20,0.24,0.14293303109466687,0.1,0.3120911346682597,1.2941089836772564,0.14201550387156542,0.4038800705111217,3225.0,1134,458.0,0.11884220784586527,0.5364922313847045,45
140,0,1,64,1000,40,40,0.99,0.20816886615555166,1,0.9730430859353367,1.0277036151798007,0.11617662124663275,0.9999999999118165,9761.0,1134,1134.0,0.11617662124782296,0.5134784570268441,5
141,0,1,64,1000,40,40,0.99,0.11720221416642086,0.1,0.9730430859353367,1.0277036151798007,0.11617662124663275,0.9999999999118165,9761.0,1134,1134.0,0.11617662124782296,0.5134784570268441,5
142,0,0,64,1800,40,8,0.14,0.2210428937271752,1,0.7417099029918598,1.1389858228260754,0.12715688876921746,0.8447971780560143,7534.0,1134,958.0,0.13141467105164323,0.449933479503372,8
143,0,0,64,1800,40,8,0.8,0.5749934270602982,0.1,0.003158132190354634,14.519318536715883,0.6499999991875001,0.04585537918466884,80.0,1134,52.0,0.13141467105164323,0.449933479503372,8
144,0,0,8,1800,1800,30,0.1,0.2730066011227439,1,0.4742837807300441,1.5692459891113313,0.16716181421732695,0.7442680775357787,5049.0,1134,844.0,0.15292323785600584,0.6621308798728154,20
145,0,0,8,1800,1800,30,0.22,0.184152262848614,0.1,0.28299120234284914,1.751258165100926,0.18300227938186253,0.49559082888045936,3071.0,1134,562.0,0.15292323785600584,0.6621308798728154,20
146,0,1,256,1500,80,50,0.99,0.208935955490702,1,0.9685314685205444,1.0324908680460885,0.11665466515670553,0.9999999999118165,9721.0,1134,1134.0,0.11665466515790557,0.5157342657342657,45
147,0,1,256,1500,80,50,0.99,0.11768391626141078,0.1,0.9685314685205444,1.0324908680460885,0.11665466515670553,0.9999999999118165,9721.0,1134,1134.0,0.11665466515790557,0.5157342657342657,45
148,1,1,1,1500,1200,35,0.0,0.0,1,0.0,0.0,0.0,0.0,0.0,1134,0.0,0.1134,0.5,8
149,1,1,1,1500,1200,35,0.0,0.0,0.1,0.0,0.0,0.0,0.0,0.0,1134,0.0,0.1134,0.5,8
150,0,0,4,1200,100,35,0.32,0.2557509675762418,1,0.16286938867400327,2.0466284754606985,0.20746432490628625,0.33333333330393883,1822.0,1134,378.0,0.13986006800650574,0.5125837921536847,45
151,0,0,4,1200,100,35,0.9,0.36701635589169684,0.1,0.008008120911256394,5.175457641404837,0.39830508440821605,0.04144620810921991,118.0,1134,47.0,0.13986006800650574,0.5125837921536847,45
152,1,1,32,1200,80,1,0.29,0.23036055185090473,1,0.7550191743654971,1.1901538088966632,0.13211461169282882,0.8985890651764912,7713.0,1134,1019.0,0.12194898986969213,0.5552505041752354,8
153,1,1,32,1200,80,1,0.38,0.1337851993020377,0.1,0.4522896458329315,1.1971224487258871,0.13278546712515601,0.5414462080651281,4624.0,1134,614.0,0.12194898986969213,0.5552505041752354,8
154,0,1,32,1500,500,18,0.07,0.24566249234450924,1,0.5164674035583524,1.3659472613694115,0.14872652909186232,0.7054673720718282,5379.0,1134,800.0,0.12404786905898141,0.5750243881964312,8
155,0,1,32,1500,500,18,0.07,0.1498977588968097,0.1,0.5164674035583524,1.3659472613694115,0.14872652909186232,0.7054673720718282,5379.0,1134,800.0,0.12404786905898141,0.5750243881964312,8
156,1,1,128,2000,1500,7,0.15,0.23402893958020482,1,0.807466726812458,1.2002174828771823,0.1330830709598803,0.969135802383674,8258.0,1134,1099.0,0.11804807644582309,0.5553414625995272,3
157,1,1,128,2000,1500,7,0.16,0.13464215412657196,0.1,0.7188134446117886,1.20470907331866,0.1335146159057306,0.8659611992181692,7355.0,1134,982.0,0.11804807644582309,0.5553414625995272,3
158,0,1,32,80,80,35,0.09,0.23405569168979456,1,0.3546131288026775,1.409986879632543,0.15278900565473488,0.49999999995590827,3711.0,1134,567.0,0.11922883661685528,0.5682629795533021,8
159,0,1,32,80,80,35,0.09,0.15384674312379013,0.1,0.3546131288026775,1.409986879632543,0.15278900565473488,0.49999999995590827,3711.0,1134,567.0,0.11922883661685528,0.5682629795533021,8
160,0,0,4,1500,800,12,0.1,0.4688871261328256,1,0.2065192871621191,3.8771443122333396,0.33150784956803553,0.800705467301525,2739.0,1134,908.0,0.2970152535837359,0.7850942864383723,1
161,0,0,4,1500,800,12,0.65,0.4141371345625984,0.1,0.017708098353059913,5.826374942749423,0.42700729911423085,0.10317460316550488,274.0,1134,117.0,0.2970152535837359,0.7850942864383723,1
162,1,0,256,1000,800,15,0.96,0.2174704955237971,1,0.920482743053006,1.0863863541389567,0.12200107584591714,0.9999999999118165,9295.0,1134,1134.0,0.1386634818785823,0.5829019646223947,5
163,1,0,256,1000,800,15,0.99,0.22490223746002763,0.1,0.027069704488754006,2.3454939806765855,0.23076923069526625,0.06349206348646454,312.0,1134,72.0,0.1386634818785823,0.5829019646223947,5
164,0,0,256,1000,500,35,0.99,0.2112715227867682,1,0.9549966162761674,1.0471240192438893,0.11811269659287456,0.9999999999118165,9601.0,1134,1134.0,0.11811269659410478,0.5225016918565306,5
165,0,0,256,1000,500,35,0.99,0.11915307673148229,0.1,0.9549966162761674,1.0471240192438893,0.11811269659287456,0.9999999999118165,9601.0,1134,1134.0,0.11811269659410478,0.5225016918565306,5
166,0,1,2,1500,1200,5,0.03,0.7230989459849482,1,0.02267087750933148,29.4061721129349,0.7899686519550713,0.6666666666078777,957.0,1134,756.0,0.6105938402335525,0.854656892291301,3
167,0,1,2,1500,1200,5,0.14,0.8147495074886639,0.1,0.015452289645663744,35.324981550264965,0.8187830686747641,0.5458553791405771,756.0,1134,619.0,0.6105938402335525,0.854656892291301,3
168,1,1,256,2000,2000,9,0.74,0.22294370311487222,1,0.8907060681153766,1.1217146590673517,0.12547065337624064,0.9991181656967267,9030.0,1134,1133.0,0.11292417649153294,0.4873072964470814,1
169,1,1,256,2000,2000,9,0.8200000000000001,0.13262409931020522,0.1,0.19794721407401367,1.1894565810624569,0.13204747773827658,0.23544973542897266,2022.0,1134,267.0,0.11292417649153294,0.4873072964470814,1
170,1,1,4,500,100,4,0.34,0.347826037946012,1,0.11854274757366857,3.421916608585039,0.30443414954967346,0.40564373894130124,1511.0,1134,460.0,0.20998500355802807,0.6166704164015993,5
171,1,1,4,500,100,4,0.48,0.331151194868716,0.1,0.06508008120837942,3.888840120472531,0.33217592588747963,0.2530864197307684,864.0,1134,287.0,0.20998500355802807,0.6166704164015993,5
172,0,0,8,1500,100,90,0.0,0.2037003589239178,1,0.9999999999887209,0.9999998999231057,0.11339999999886599,0.9999999999118165,10000.0,1134,1134.0,0.08781600567067444,0.3421833045488959,45
173,0,0,8,1500,100,90,0.0,0.11440425413423087,0.1,0.9999999999887209,0.9999998999231057,0.11339999999886599,0.9999999999118165,10000.0,1134,1134.0,0.08781600567067444,0.3421833045488959,45
174,1,1,64,1500,80,4,0.05,0.2103700767103156,1,0.9601849763031786,1.0414658846416671,0.11754949725181352,0.9999999999118165,9647.0,1134,1134.0,0.09619955558936874,0.41991903954269544,5
175,1,1,64,1500,80,4,0.65,0.18708724729084292,0.1,0.019061583577497612,1.8967476126485778,0.19523809514512472,0.0361552028186812,210.0,1134,41.0,0.09619955558936874,0.41991903954269544,5
176,1,1,4,1500,80,25,0.01,0.20976690685771676,1,0.9636814797996426,1.0376871581583254,0.11717296962061197,0.9999999999118165,9678.0,1134,1134.0,0.11894820738643519,0.44233066813711974,1
177,1,1,4,1500,80,25,0.96,0.3564309635030564,0.1,0.003270922625724442,5.930974790392539,0.4313725481737793,0.019400352731975275,51.0,1134,22.0,0.11894820738643519,0.44233066813711974,1
178,1,1,4,500,500,12,0.1,0.4688871261328256,1,0.2065192871621191,3.8771443122333396,0.33150784956803553,0.800705467301525,2739.0,1134,908.0,0.2970152535837359,0.7850942864383723,5
179,1,1,4,500,500,12,0.65,0.4141371345625984,0.1,0.017708098353059913,5.826374942749423,0.42700729911423085,0.10317460316550488,274.0,1134,117.0,0.2970152535837359,0.7850942864383723,5
180,0,1,64,1200,40,70,0.99,0.21182402140454837,1,0.9518384840858127,1.0505983016776528,0.11845816358384562,0.9999999999118165,9573.0,1134,1134.0,0.11845816358508304,0.5240807579517257,8
181,0,1,64,1200,40,70,0.99,0.11950117437293084,0.1,0.9518384840858127,1.0505983016776528,0.11845816358384562,0.9999999999118165,9573.0,1134,1134.0,0.11845816358508304,0.5240807579517257,8
182,0,1,512,100,80,6,0.72,0.22338602065246976,1,0.866907286252347,1.1280952960411164,0.1260943718007266,0.9779541445345719,8795.0,1134,1109.0,0.09266421820679314,0.40015351036856417,5
183,0,1,512,100,80,6,0.72,0.12719130599098513,0.1,0.866907286252347,1.1280952960411164,0.1260943718007266,0.9779541445345719,8795.0,1134,1109.0,0.09266421820679314,0.40015351036856417,5
184,1,1,8,80,80,9,0.13,0.32776814862596537,1,0.3635235731968923,2.071629649491324,0.20946774588644917,0.7530864196866767,4077.0,1134,854.0,0.20061408274655312,0.7415625990894809,1
185,1,1,8,80,80,9,0.34,0.24029139169333383,0.1,0.1486577938174074,2.4617676859579447,0.23946912866477385,0.3659611992622609,1733.0,1134,415.0,0.20061408274655312,0.7415625990894809,1
186,1,0,1,800,800,25,0.0,0.0,1,0.0,0.0,0.0,0.0,0.0,1134,0.0,0.1134,0.5,45
187,1,0,1,800,800,25,0.0,0.0,0.1,0.0,0.0,0.0,0.0,0.0,1134,0.0,0.1134,0.5,45
188,1,0,2,40,40,9,0.01,0.3552311007124684,1,0.02458831491061822,10.47223221758068,0.5725490194955786,0.2574955908062173,510.0,1134,292.0,0.26886669326920276,0.625499450768268,3
189,1,0,2,40,40,9,0.62,0.7326026722388134,0.1,0.0012406947890678918,41.931364596866096,0.8428571416530612,0.052028218690297334,70.0,1134,59.0,0.26886669326920276,0.625499450768268,3
190,0,0,2,40,40,9,0.01,0.3552311007124684,1,0.02458831491061822,10.47223221758068,0.5725490194955786,0.2574955908062173,510.0,1134,292.0,0.26886669326920276,0.625499450768268,8
191,0,0,2,40,40,9,0.62,0.7326026722388134,0.1,0.0012406947890678918,41.931364596866096,0.8428571416530612,0.052028218690297334,70.0,1134,59.0,0.26886669326920276,0.625499450768268,8
192,0,0,16,1800,1800,2,0.34,0.2915368938405167,1,0.21249718023671893,2.1371785100747114,0.21467278031618706,0.4541446207712394,2399.0,1134,515.0,0.3072507498650781,0.6953626819218217,5
193,0,0,16,1800,1800,2,0.87,0.9089456223201237,0.1,0.0,899470.899391581,0.9999999990196079,0.08994708993915809,102.0,1134,102.0,0.3072507498650781,0.6953626819218217,5
194,0,1,4,100,80,9,0.26,0.3673768800928197,1,0.12271599368235149,3.5929851930114323,0.3148614609373513,0.44091710754489266,1588.0,1134,500.0,0.2687439648073539,0.7081293358175079,5
195,0,1,4,100,80,9,0.86,0.4309529637489192,0.1,0.0037220843672036755,7.818132103925027,0.4999999992424243,0.029100529097962916,66.0,1134,33.0,0.2687439648073539,0.7081293358175079,5
196,1,1,8,1800,800,40,0.14,0.2671009445690593,1,0.41213625084127975,1.5790736473689322,0.16803278688142004,0.6507936507362615,4392.0,1134,738.0,0.13980625319184453,0.6317767755939798,20
197,1,1,8,1800,800,40,0.16,0.16929385572870626,0.1,0.38799909767214075,1.5795774402741931,0.1680773881458748,0.6128747794874008,4135.0,1134,695.0,0.13980625319184453,0.6317767755939798,20
198,0,0,2,1000,100,30,0.3,0.46422888680631,1,0.03552898714148963,10.871188011984815,0.581673306695661,0.38624338620932597,753.0,1134,438.0,0.29038168034561795,0.5447886442510099,3
199,0,0,2,1000,100,30,0.73,0.6570032436683819,0.1,0.004962779156271567,18.301659438849683,0.7006802716321903,0.09082892415424788,147.0,1134,103.0,0.29038168034561795,0.5447886442510099,3
200,0,0,2,2000,1500,12,0.04,0.7143551816111944,1,0.02109181141415416,30.68789267915951,0.7969598261892552,0.6472663138759024,921.0,1134,734.0,0.6154261002405188,0.8538342879740729,3
201,0,0,2,2000,1500,12,0.13,0.815812677243068,0.1,0.015339499210293936,35.58472236838302,0.8198675495602825,0.5458553791405771,755.0,1134,619.0,0.6154261002405188,0.8538342879740729,3
202,0,1,16,500,40,40,0.03,0.2119149852622803,1,0.5982404692014636,1.1246972217407756,0.12576232074953417,0.6728395061135062,6067.0,1134,763.0,0.09768989484023176,0.4518509169046804,20
203,0,1,16,500,40,40,0.04,0.12830365376705896,0.1,0.5474847732850497,1.1403760263500544,0.1272923408822853,0.624338624283568,5562.0,1134,708.0,0.09768989484023176,0.4518509169046804,20
204,0,0,2,1200,1200,1,0.03,0.7183907549004747,1,0.023009248815440905,28.743780044462145,0.7861635219301716,0.6613756613173389,954.0,1134,750.0,0.5982353466992092,0.8480567620352566,3
205,0,0,2,1200,1200,1,0.14,0.8134332721824542,0.1,0.015565080081033553,35.01235077835992,0.8174603173521878,0.5449735449254873,756.0,1134,618.0,0.5982353466992092,0.8480567620352566,3
206,0,0,32,2000,1200,50,0.02,0.2115474113559544,1,0.9534175501809901,1.048858283378731,0.11828517784376462,0.9999999999118165,9587.0,1134,1134.0,0.09927234065164975,0.4288667326301735,45
207,0,0,32,2000,1200,50,0.02,0.11932687168711215,0.1,0.9534175501809901,1.048858283378731,0.11828517784376462,0.9999999999118165,9587.0,1134,1134.0,0.09927234065164975,0.4288667326301735,45
208,1,0,256,1800,40,90,0.99,0.21204186585669027,1,0.9505977892967448,1.0519695143144276,0.11859443630915503,0.9999999999118165,9562.0,1134,1134.0,0.11860684028867273,0.5247575005639522,3
209,1,0,256,1800,40,90,0.99,0.11963848412253172,0.1,0.9505977892967448,1.0519695143144276,0.11859443630915503,0.9999999999118165,9562.0,1134,1134.0,0.11860684028867273,0.5247575005639522,3
210,0,1,8,1200,100,80,0.0,0.2037003589239178,1,0.9999999999887209,0.9999998999231057,0.11339999999886599,0.9999999999118165,10000.0,1134,1134.0,0.0880406546511303,0.35504370181789535,8
211,0,1,8,1200,100,80,0.0,0.11440425413423087,0.1,0.9999999999887209,0.9999998999231057,0.11339999999886599,0.9999999999118165,10000.0,1134,1134.0,0.0880406546511303,0.35504370181789535,8
212,0,1,4,1500,1000,35,0.18,0.4303135446550528,1,0.17696819309522932,3.6924080689974526,0.32077922076533427,0.6534391533815309,2310.0,1134,741.0,0.28361426739164375,0.7732147382685017,8
213,0,1,4,1500,1000,35,0.64,0.47514791656704414,0.1,0.016241822693252403,7.492531763677643,0.48936170195412704,0.12169312168239037,282.0,1134,138.0,0.28361426739164375,0.7732147382685017,8
214,0,1,2,100,80,5,0.04,0.5433403324669619,1,0.02752086623023324,16.469726490133784,0.6781002637627837,0.45326278655614965,758.0,1134,514.0,0.44859274276618094,0.7034684749738515,20
215,0,1,2,100,80,5,0.21,0.8629607643742777,0.1,0.005639521768490418,56.29106533456386,0.8780487802736466,0.3174603174323227,410.0,1134,360.0,0.44859274276618094,0.7034684749738515,20
216,1,1,256,800,800,70,0.99,0.2112715227867682,1,0.9549966162761674,1.0471240192438893,0.11811269659287456,0.9999999999118165,9601.0,1134,1134.0,0.11811269659410478,0.5225016918565306,5
217,1,1,256,800,800,70,0.99,0.11915307673148229,0.1,0.9549966162761674,1.0471240192438893,0.11811269659287456,0.9999999999118165,9601.0,1134,1134.0,0.11811269659410478,0.5225016918565306,5
218,1,0,4,2000,2000,60,0.13,0.34983648603301876,1,0.27058425445217027,2.4409904572623806,0.23792884370273418,0.6604938271022491,3148.0,1134,749.0,0.23804771528899538,0.7344598849975194,20
219,1,0,4,2000,2000,60,0.61,0.4306508173792223,0.1,0.019963907060456077,6.183968465785023,0.44164037840957715,0.12345679011256994,317.0,1134,140.0,0.23804771528899538,0.7344598849975194,20
220,1,0,32,1500,1000,35,0.03,0.2149518595457041,1,0.5521091811352119,1.1595741314814012,0.12915851271785878,0.6402116401551841,5621.0,1134,726.0,0.10988422395316688,0.5250360949285681,45
221,1,0,32,1500,1000,35,0.03,0.13018743287576184,0.1,0.5521091811352119,1.1595741314814012,0.12915851271785878,0.6402116401551841,5621.0,1134,726.0,0.10988422395316688,0.5250360949285681,45
222,0,1,256,500,100,100,0.99,0.20932162407893193,1,0.9662756598131482,1.0349012585239536,0.11689516544565616,0.9999999999118165,9701.0,1134,1134.0,0.11689516544686115,0.5168621700879765,20
223,0,1,256,500,100,100,0.99,0.11792625521633603,0.1,0.9662756598131482,1.0349012585239536,0.11689516544565616,0.9999999999118165,9701.0,1134,1134.0,0.11689516544686115,0.5168621700879765,20
224,0,0,128,1800,1500,20,0.92,0.22979330872394838,1,0.8478457026748494,1.1680187841014895,0.1299768518503475,0.9902998235458289,8640.0,1134,1123.0,0.11256259766491586,0.4776015999134279,8
225,0,0,128,1800,1500,20,0.92,0.13110453243114925,0.1,0.8478457026748494,1.1680187841014895,0.1299768518503475,0.9902998235458289,8640.0,1134,1123.0,0.11256259766491586,0.4776015999134279,8
226,0,1,32,800,80,5,0.12,0.2327005272079251,1,0.6858786374838046,1.2214148923884338,0.1351159152306199,0.8377425043352961,7031.0,1134,950.0,0.14956012666225232,0.5610568244976847,45
227,0,1,32,800,80,5,0.9500000000000001,0.6859061162696538,0.1,0.0,211640.2116215485,0.9999999958333333,0.021164021162154847,24.0,1134,24.0,0.14956012666225232,0.5610568244976847,45
228,1,1,64,1200,800,70,0.99,0.2112715227867682,1,0.9549966162761674,1.0471240192438893,0.11811269659287456,0.9999999999118165,9601.0,1134,1134.0,0.11811269659410478,0.5225016918565306,1
229,1,1,64,1200,800,70,0.99,0.11915307673148229,0.1,0.9549966162761674,1.0471240192438893,0.11811269659287456,0.9999999999118165,9601.0,1134,1134.0,0.11811269659410478,0.5225016918565306,1
230,1,0,64,1500,1000,9,0.22,0.2239280405043443,1,0.7854725919153454,1.1462559333682178,0.12786474639789774,0.9003527336066708,7985.0,1134,1021.0,0.20371613554927792,0.5511650336919154,1
231,1,0,64,1500,1000,9,0.92,0.695590836757638,0.1,0.0010151139183282752,39.08786016683507,0.8333333317901235,0.03968253967904034,54.0,1134,45.0,0.20371613554927792,0.5511650336919154,1
0,0,0,128,1000,500,9,0.28,0.22564416379815683,1,0.8468305887565212,1.1444268792463634,0.12768676658385397,0.969135802383674,8607.0,1134,1099.0,0.11628250396762137,0.5489738755867788,8
1,0,0,128,1000,500,9,0.34,0.13997000139922153,0.1,0.41236183171201934,1.261712459108185,0.13895430993549332,0.5202821869029733,4246.0,1134,590.0,0.11628250396762137,0.5489738755867788,8
2,1,1,2,500,500,60,0.2,0.6164170913034768,1,0.02323482968618052,22.657913474200114,0.7434620173420347,0.5264550264086019,803.0,1134,597.0,0.5957826868774466,0.8487105288180555,8
3,1,1,2,500,500,60,0.93,0.9200557214760129,0.1,0.0,1022927.6895041509,0.9999999991379311,0.10229276895041509,116.0,1134,116.0,0.5957826868774466,0.8487105288180555,8
4,1,1,512,500,80,2,0.1,0.20943760244790438,1,0.9655989172009293,1.0356265717943756,0.11696750902406428,0.9999999999118165,9695.0,1134,1134.0,0.09696054351061403,0.45676451187203876,1
5,1,1,512,500,80,2,0.1,0.11799915164602769,0.1,0.9655989172009293,1.0356265717943756,0.11696750902406428,0.9999999999118165,9695.0,1134,1134.0,0.09696054351061403,0.45676451187203876,1
6,0,1,512,1500,1500,11,0.96,0.21428569514901363,1,0.9379652605353263,1.0661374523906568,0.11999999999873015,0.9999999999118165,9450.0,1134,1134.0,0.12632282499721512,0.439036769681931,3
7,0,1,512,1500,1500,11,0.96,0.12105472222656209,0.1,0.9379652605353263,1.0661374523906568,0.11999999999873015,0.9999999999118165,9450.0,1134,1134.0,0.12632282499721512,0.439036769681931,3
8,0,0,1,800,500,6,0.0,0.0,1,0.0,0.0,0.0,0.0,0.0,1134,0.0,0.1134,0.5,3
9,0,0,1,800,500,6,0.0,0.0,0.1,0.0,0.0,0.0,0.0,0.0,1134,0.0,0.1134,0.5,3
10,0,1,16,1800,1000,25,0.01,0.21530280971827398,1,0.9323257387668359,1.0725863837845486,0.12063829787105702,0.9999999999118165,9400.0,1134,1134.0,0.10839431200272713,0.5120987137116169,1
11,0,1,16,1800,1000,25,0.18,0.12970372514827874,0.1,0.378411910665707,1.155855941028595,0.12879771487590763,0.4373897706845335,3851.0,1134,496.0,0.10839431200272713,0.5120987137116169,1
12,1,0,16,1800,40,90,0.01,0.20986395826377532,1,0.9631175276227936,1.0382947744192552,0.1172335366471908,0.9999999999118165,9673.0,1134,1134.0,0.11860684028867273,0.28913828107376494,1
13,1,0,16,1800,40,90,0.01,0.11826721135236695,0.1,0.9631175276227936,1.0382947744192552,0.1172335366471908,0.9999999999118165,9673.0,1134,1134.0,0.11860684028867273,0.28913828107376494,1
14,0,1,4,2000,80,20,0.4,0.23525013786090865,1,0.13861944506949447,2.003886087016253,0.20401554402823732,0.2777777777532824,1544.0,1134,315.0,0.13504481098112373,0.48960786326377725,1
15,0,1,4,2000,80,20,0.96,0.37263243925452366,0.1,0.003158132190354634,6.422006275855101,0.45098039127258743,0.020282186947065062,51.0,1134,23.0,0.13504481098112373,0.48960786326377725,1
16,0,1,2,1500,1200,80,0.01,0.5927489840231843,1,0.09756372659488423,7.610447796279164,0.4932630345346653,0.7425044091055992,1707.0,1134,842.0,0.569280441305217,0.8455476224293428,1
17,0,1,2,1500,1200,80,0.92,0.919343799695736,0.1,0.0,1014109.3473532532,0.9999999991304348,0.10141093473532531,115.0,1134,115.0,0.569280441305217,0.8455476224293428,1
18,1,0,16,1500,800,1,0.35000000000000003,0.3305488822131682,1,0.029889465372999215,8.172352944299767,0.5110701106068136,0.2442680775798705,542.0,1134,277.0,0.367608636722511,0.6917329484533785,20
19,1,0,16,1500,800,1,0.59,0.9475285941668865,0.1,0.0,1516754.8499544307,0.9999999994186047,0.15167548499544306,172.0,1134,172.0,0.367608636722511,0.6917329484533785,20
20,0,1,1,40,40,2,0.0,0.0,1,0.0,0.0,0.0,0.0,0.0,1134,0.0,0.1134,0.5,1
21,0,1,1,40,40,2,0.0,0.0,0.1,0.0,0.0,0.0,0.0,0.0,1134,0.0,0.1134,0.5,1
22,0,0,4,1500,1500,2,0.11,0.49361928941984107,1,0.1849763140064857,4.333456812977839,0.356610435450898,0.8015873015166148,2549.0,1134,909.0,0.3179752240755769,0.7928912982676425,20
23,0,0,4,1500,1500,2,0.7000000000000001,0.44374232813671544,0.1,0.01714414617621087,6.583828671809208,0.4571428569795918,0.11287477953149251,280.0,1134,128.0,0.3179752240755769,0.7928912982676425,20
24,0,0,256,1500,80,12,0.86,0.22314047603891396,1,0.8905932776800067,1.1228468849800048,0.12558139534744647,0.9999999999118165,9030.0,1134,1134.0,0.13331883240983822,0.5388098560141571,45
25,0,0,256,1500,80,12,0.92,0.18399219109240506,0.1,0.0539138281067684,1.7828404054409757,0.1856899488610409,0.09611992944478659,587.0,1134,109.0,0.13331883240983822,0.5388098560141571,45
26,0,0,8,100,100,1,0.29,0.33785912672629403,1,0.1689600721839729,2.792263401337768,0.2631578947238978,0.4717813050730351,2033.0,1134,535.0,0.2088824311703763,0.7490470501223189,45
27,0,0,8,100,100,1,0.32,0.27561334358621975,0.1,0.13997293029393218,2.9610138483239363,0.2746931618775749,0.41446208109219906,1711.0,1134,470.0,0.2088824311703763,0.7490470501223189,45
28,1,0,8,1000,100,25,0.05,0.2174442870065929,1,0.7791563275346362,1.1102768769299842,0.12435036126094118,0.8650793650030794,7889.0,1134,981.0,0.11510831606055083,0.510457085725903,45
29,1,0,8,1000,100,25,0.86,0.19813549176782877,0.1,0.009812767877173327,2.156762062534904,0.21621621602142685,0.021164021162154847,111.0,1134,24.0,0.11510831606055083,0.510457085725903,45
30,0,0,64,1500,1200,60,0.99,0.2112715227867682,1,0.9549966162761674,1.0471240192438893,0.11811269659287456,0.9999999999118165,9601.0,1134,1134.0,0.11811269659410478,0.5225016918565306,1
31,0,0,64,1500,1200,60,0.99,0.11915307673148229,0.1,0.9549966162761674,1.0471240192438893,0.11811269659287456,0.9999999999118165,9601.0,1134,1134.0,0.11811269659410478,0.5225016918565306,1
32,0,0,256,100,100,6,0.5,0.21979432312600566,1,0.8093841642137447,1.1178397513831422,0.12509144111039877,0.9047619046821197,8202.0,1134,1026.0,0.09574644693832446,0.43696849745236843,8
33,0,0,256,100,100,6,0.5,0.12616790314432427,0.1,0.8093841642137447,1.1178397513831422,0.12509144111039877,0.9047619046821197,8202.0,1134,1026.0,0.09574644693832446,0.43696849745236843,8
34,0,1,4,1500,100,60,0.01,0.20904559912883636,1,0.9060455673256705,1.0414073420064318,0.11754366692170115,0.9435626101460702,9103.0,1134,1070.0,0.10486200956866983,0.40715770688888964,8
35,0,1,4,1500,100,60,0.93,0.34783303609003974,0.1,0.00688021655755831,4.870371863428298,0.38383838345066834,0.033509700173411844,99.0,1134,38.0,0.10486200956866983,0.40715770688888964,8
36,1,0,256,2000,100,90,0.99,0.20932162407893193,1,0.9662756598131482,1.0349012585239536,0.11689516544565616,0.9999999999118165,9701.0,1134,1134.0,0.11689516544686115,0.5168621700879765,5
37,1,0,256,2000,100,90,0.99,0.11792625521633603,0.1,0.9662756598131482,1.0349012585239536,0.11689516544565616,0.9999999999118165,9701.0,1134,1134.0,0.11689516544686115,0.5168621700879765,5
38,1,1,1,1200,800,10,0.0,0.0,1,0.0,0.0,0.0,0.0,0.0,1134,0.0,0.1134,0.5,5
39,1,1,1,1200,800,10,0.0,0.0,0.1,0.0,0.0,0.0,0.0,0.0,1134,0.0,0.1134,0.5,5
40,0,1,8,1500,1000,10,0.07,0.3022168318392037,1,0.5069930069872886,1.7428203092751686,0.18228124431176496,0.8835978835199648,5497.0,1134,1002.0,0.17094559462979786,0.7057580014569262,1
41,0,1,8,1500,1000,10,0.28,0.21024109316935907,0.1,0.22783667944701289,2.0668281565464306,0.209083790124938,0.4708994708579453,2554.0,1134,534.0,0.17094559462979786,0.7057580014569262,1
42,1,0,16,1200,40,25,0.02,0.22939657552164716,1,0.8401759530697024,1.1671359158560655,0.12989136782934363,0.9805996471798413,8561.0,1134,1112.0,0.10205531448524541,0.4969990185043949,5
43,1,0,16,1200,40,25,0.07,0.1335142773634836,0.1,0.6088427701262255,1.1934629259653442,0.13243330118719973,0.7266313932339831,6222.0,1134,824.0,0.10205531448524541,0.4969990185043949,5
44,1,0,64,2000,100,7,0.07,0.2099581011720728,1,0.9568012632420843,1.0396191235041148,0.11736551867529532,0.9947089946212778,9611.0,1134,1128.0,0.11982880772551688,0.46153960535680966,20
45,1,0,64,2000,100,7,0.77,0.40263004155606247,0.1,0.005526731333120609,6.38220464449655,0.4494382017422043,0.03527336860359141,89.0,1134,40.0,0.11982880772551688,0.46153960535680966,20
46,1,0,64,2000,2000,2,0.05,0.22213095868978017,1,0.8488608165931777,1.124029392891024,0.1256970260208446,0.9541446207271477,8608.0,1134,1082.0,0.10481086588280193,0.4918242848350375,8
47,1,0,64,2000,2000,2,0.08,0.12776409802189254,0.1,0.7845702684323869,1.1340865763301797,0.1266792215928854,0.8897707230255933,7965.0,1134,1009.0,0.10481086588280193,0.4918242848350375,8
48,0,1,1,1800,1800,90,0.0,0.0,1,0.0,0.0,0.0,0.0,0.0,1134,0.0,0.1134,0.5,5
49,0,1,1,1800,1800,90,0.0,0.0,0.1,0.0,0.0,0.0,0.0,0.0,1134,0.0,0.1134,0.5,5
50,1,0,2,1800,1000,50,0.18,0.6458892591463546,1,0.014211594856595853,37.29198864855929,0.8266850067638672,0.529982363268961,727.0,1134,601.0,0.6064986914277823,0.8494943925051451,8
51,1,0,2,1800,1000,50,0.93,0.9178856025339079,0.1,0.0,996472.6630514575,0.9999999991150443,0.09964726630514574,113.0,1134,113.0,0.6064986914277823,0.8494943925051451,8
52,0,1,512,800,100,60,0.99,0.20932162407893193,1,0.9662756598131482,1.0349012585239536,0.11689516544565616,0.9999999999118165,9701.0,1134,1134.0,0.11689516544686115,0.5168621700879765,45
53,0,1,512,800,100,60,0.99,0.11792625521633603,0.1,0.9662756598131482,1.0349012585239536,0.11689516544565616,0.9999999999118165,9701.0,1134,1134.0,0.11689516544686115,0.5168621700879765,45
54,1,1,64,1000,1000,7,0.16,0.22303628928639097,1,0.802165576350077,1.1377929017990203,0.12704062845063163,0.9126984126179277,8147.0,1134,1035.0,0.15843937123928242,0.5264985412834875,1
55,1,1,64,1000,1000,7,0.89,0.5333737399309414,0.1,0.0012406947890678918,17.767527371553427,0.6944444425154321,0.02204585537724463,36.0,1134,25.0,0.15843937123928242,0.5264985412834875,1
56,0,0,64,80,40,50,0.99,0.20680220631075316,1,0.9811639972819629,1.0191975049658188,0.11532594325114079,0.9999999999118165,9833.0,1134,1134.0,0.11532594325231364,0.5094180013534853,5
57,0,0,64,80,40,50,0.99,0.11634501506309165,0.1,0.9811639972819629,1.0191975049658188,0.11532594325114079,0.9999999999118165,9833.0,1134,1134.0,0.11532594325231364,0.5094180013534853,5
58,0,1,1,2000,500,7,0.0,0.0,1,0.0,0.0,0.0,0.0,0.0,1134,0.0,0.1134,0.5,3
59,0,1,1,2000,500,7,0.0,0.0,0.1,0.0,0.0,0.0,0.0,0.0,1134,0.0,0.1134,0.5,3
60,1,0,1,500,80,70,0.99,0.208935955490702,1,0.9685314685205444,1.0324908680460885,0.11665466515670553,0.9999999999118165,9721.0,1134,1134.0,0.11665466515790557,0.5157342657342657,5
61,1,0,1,500,80,70,0.99,0.11768391626141078,0.1,0.9685314685205444,1.0324908680460885,0.11665466515670553,0.9999999999118165,9721.0,1134,1134.0,0.11665466515790557,0.5157342657342657,5
62,0,1,512,1500,500,60,0.99,0.2112715227867682,1,0.9549966162761674,1.0471240192438893,0.11811269659287456,0.9999999999118165,9601.0,1134,1134.0,0.11811269659410478,0.5225016918565306,5
63,0,1,512,1500,500,60,0.99,0.11915307673148229,0.1,0.9549966162761674,1.0471240192438893,0.11811269659287456,0.9999999999118165,9601.0,1134,1134.0,0.11811269659410478,0.5225016918565306,5
64,1,1,2,1000,800,30,0.08,0.691721637217814,1,0.017369727046950487,34.573119171130436,0.8155688621777762,0.6005291004761438,835.0,1134,681.0,0.6167680528776752,0.8511937584518229,45
65,1,1,2,1000,800,30,0.9400000000000001,0.8773442253944049,0.1,0.0,661375.661317339,0.9999999986666668,0.0661375661317339,75.0,1134,75.0,0.6167680528776752,0.8511937584518229,45
66,1,1,2,1500,1200,100,0.01,0.594349446385968,1,0.09936837356080117,7.560977081898927,0.4916330063190056,0.7513227512564971,1733.0,1134,852.0,0.5359521564049485,0.8421899188028219,1
67,1,1,2,1500,1200,100,0.91,0.9200557214760129,0.1,0.0,1022927.6895041509,0.9999999991379311,0.10229276895041509,116.0,1134,116.0,0.5359521564049485,0.8421899188028219,1
68,1,1,4,1000,40,30,0.06,0.21457102887758114,1,0.9307466726716586,1.0687214007371943,0.12025586353816357,0.9947089946212778,9380.0,1134,1128.0,0.08669224353008231,0.35263133919047895,20
69,1,1,4,1000,40,30,0.88,0.12215943218690375,0.1,0.04872546807975721,1.1039766028469244,0.12373225149620035,0.0537918871204769,493.0,1134,61.0,0.08669224353008231,0.35263133919047895,20
70,1,0,16,1500,80,1,0.35000000000000003,0.28740331518908235,1,0.08448003609198645,3.298522290079561,0.2967136149956137,0.27865961196837213,1065.0,1134,316.0,0.2608901855764143,0.6044448383158061,8
71,1,0,16,1500,80,1,0.63,0.8757897890436258,0.1,0.0,652557.3191664411,0.9999999986486487,0.0652557319166441,74.0,1134,74.0,0.2608901855764143,0.6044448383158061,8
72,1,1,128,2000,1800,18,0.85,0.2300378079387578,1,0.8484096548516984,1.169321175649873,0.1301029258687394,0.9920634919760084,8647.0,1134,1125.0,0.11419113018773856,0.48512777545035607,8
73,1,1,128,2000,1800,18,0.85,0.13123183954461992,0.1,0.8484096548516984,1.169321175649873,0.1301029258687394,0.9920634919760084,8647.0,1134,1125.0,0.11419113018773856,0.48512777545035607,8
74,1,0,4,800,500,10,0.1,0.46812899083311255,1,0.2068576584682285,3.86653920553471,0.3309011309620248,0.7998236330864352,2741.0,1134,907.0,0.29732334338007466,0.7853292167808297,8
75,1,0,4,800,500,10,0.64,0.4220625461578658,0.1,0.018046469659169336,6.01031722396799,0.4346289751114385,0.10846560845604358,283.0,1134,123.0,0.29732334338007466,0.7853292167808297,8
76,0,1,16,2000,800,4,0.52,0.2928509405272353,1,0.09564628919359748,3.1347093775140342,0.28619528617119566,0.299823633130527,1188.0,1134,340.0,0.2682940065616523,0.6700903139075182,5
77,0,1,16,2000,800,4,0.9400000000000001,0.8249169092705229,0.1,0.00011279043536980836,429.627910203891,0.9821428553890306,0.04850088182993819,56.0,1134,55.0,0.2682940065616523,0.6700903139075182,5
78,1,0,2,1000,80,100,0.0,0.2037003589239178,1,0.9999999999887209,0.9999998999231057,0.11339999999886599,0.9999999999118165,10000.0,1134,1134.0,0.06761979118135099,0.18951060886544757,8
79,1,0,2,1000,80,100,0.01,0.1147187150197865,0.1,0.9634558989289029,1.0031493922014862,0.11371653869979542,0.9664902997384046,9638.0,1134,1096.0,0.06761979118135099,0.18951060886544757,8
80,0,0,128,1800,100,25,0.98,0.2094569446721967,1,0.9654861267655596,1.0357475561944374,0.11697957499363544,0.9999999999118165,9694.0,1134,1134.0,0.11697957499484217,0.5063162643807805,45
81,0,0,128,1800,100,25,0.98,0.11801130981376406,0.1,0.9654861267655596,1.0357475561944374,0.11697957499363544,0.9999999999118165,9694.0,1134,1134.0,0.11697957499484217,0.5063162643807805,45
82,0,1,2,1800,1000,100,0.01,0.594349446385968,1,0.09936837356080117,7.560977081898927,0.4916330063190056,0.7513227512564971,1733.0,1134,852.0,0.5359521564049485,0.8421899188028219,1
83,0,1,2,1800,1000,100,0.91,0.9200557214760129,0.1,0.0,1022927.6895041509,0.9999999991379311,0.10229276895041509,116.0,1134,116.0,0.5359521564049485,0.8421899188028219,1
84,0,1,512,1000,800,15,0.99,0.2112715227867682,1,0.9549966162761674,1.0471240192438893,0.11811269659287456,0.9999999999118165,9601.0,1134,1134.0,0.11811269659410478,0.5225016918565306,5
85,0,1,512,1000,800,15,0.99,0.11915307673148229,0.1,0.9549966162761674,1.0471240192438893,0.11811269659287456,0.9999999999118165,9601.0,1134,1134.0,0.11811269659410478,0.5225016918565306,5
86,0,1,32,1200,100,8,0.07,0.24131068499124636,1,0.7196029776593773,1.2634341124759934,0.13911752799704336,0.9091710757575686,7411.0,1134,1031.0,0.1300392346045548,0.5824483163192841,5
87,0,1,32,1200,100,8,0.76,0.20334103604206857,0.1,0.007669749605146968,2.2994824161819736,0.22727272701446283,0.017636684301795706,88.0,1134,20.0,0.1300392346045548,0.5824483163192841,5
88,1,1,128,1000,1000,10,0.32,0.22154926231116503,1,0.8988269794620027,1.112561050686603,0.12457431615813935,0.9999999999118165,9103.0,1134,1134.0,0.11422774211299938,0.5364341950363456,20
89,1,1,128,1000,1000,10,0.4,0.13969640899909802,0.1,0.372546808026477,1.2592663965806534,0.1387222946508808,0.46913580242776576,3835.0,1134,532.0,0.11422774211299938,0.5364341950363456,20
90,0,0,1,500,100,12,0.99,0.20932162407893193,1,0.9662756598131482,1.0349012585239536,0.11689516544565616,0.9999999999118165,9701.0,1134,1134.0,0.11689516544686115,0.5168621700879765,20
91,0,0,1,500,100,12,0.99,0.11792625521633603,0.1,0.9662756598131482,1.0349012585239536,0.11689516544565616,0.9999999999118165,9701.0,1134,1134.0,0.11689516544686115,0.5168621700879765,20
92,0,0,16,1500,40,20,0.1,0.23216820257130025,1,0.5737649447262151,1.2556682571559195,0.13838075880524423,0.7204585537283545,5904.0,1134,817.0,0.10452130732489749,0.5113461309697869,20
93,0,0,16,1500,40,20,0.1,0.13949661146637288,0.1,0.5737649447262151,1.2556682571559195,0.13838075880524423,0.7204585537283545,5904.0,1134,817.0,0.10452130732489749,0.5113461309697869,20
94,0,1,32,1000,80,60,0.01,0.208935955490702,1,0.9685314685205444,1.0324908680460885,0.11665466515670553,0.9999999999118165,9721.0,1134,1134.0,0.10719581880122399,0.4504780364995418,1
95,0,1,32,1000,80,60,0.01,0.11768391626141078,0.1,0.9685314685205444,1.0324908680460885,0.11665466515670553,0.9999999999118165,9721.0,1134,1134.0,0.10719581880122399,0.4504780364995418,1
96,0,1,1,100,80,12,0.99,0.20702873543000208,1,0.9798105120575252,1.020605398232925,0.11546685673439092,0.9999999999118165,9821.0,1134,1134.0,0.11546685673556664,0.5100947439657117,45
97,0,1,1,100,80,12,0.99,0.11648700976434322,0.1,0.9798105120575252,1.020605398232925,0.11546685673439092,0.9999999999118165,9821.0,1134,1134.0,0.11546685673556664,0.5100947439657117,45
98,1,0,128,1000,500,70,0.99,0.2112715227867682,1,0.9549966162761674,1.0471240192438893,0.11811269659287456,0.9999999999118165,9601.0,1134,1134.0,0.11811269659410478,0.5225016918565306,45
99,1,0,128,1000,500,70,0.99,0.11915307673148229,0.1,0.9549966162761674,1.0471240192438893,0.11811269659287456,0.9999999999118165,9601.0,1134,1134.0,0.11811269659410478,0.5225016918565306,45
100,0,0,2,1200,800,100,0.01,0.594349446385968,1,0.09936837356080117,7.560977081898927,0.4916330063190056,0.7513227512564971,1733.0,1134,852.0,0.5359521564049485,0.8421899188028219,8
101,0,0,2,1200,800,100,0.91,0.9200557214760129,0.1,0.0,1022927.6895041509,0.9999999991379311,0.10229276895041509,116.0,1134,116.0,0.5359521564049485,0.8421899188028219,8
102,0,0,128,2000,100,4,0.1,0.23225334357023497,1,0.6936611775243213,1.216610139826257,0.1346559729824869,0.8439153438409245,7107.0,1134,957.0,0.12378856167499212,0.5701955849805312,8
103,0,0,128,2000,100,4,0.16,0.13867074561627635,0.1,0.3821339950329107,1.2484421478342222,0.13769406973434223,0.47707231036357384,3929.0,1134,541.0,0.12378856167499212,0.5701955849805312,8
104,1,0,32,1200,80,20,0.03,0.2578081929287848,1,0.5893300248072486,1.4080495149826109,0.15261109308866996,0.8298059963994879,6166.0,1134,941.0,0.1172057742004214,0.5651517439151849,1
105,1,0,32,1200,80,20,0.03,0.1538542294354414,0.1,0.5893300248072486,1.4080495149826109,0.15261109308866996,0.8298059963994879,6166.0,1134,941.0,0.1172057742004214,0.5651517439151849,1
106,0,0,32,2000,800,9,0.12,0.24549308155396002,1,0.618542747568029,1.3201647814435875,0.14446177846888517,0.8165784831731412,6410.0,1134,926.0,0.14875021707373706,0.5991632819589808,45
107,0,0,32,2000,800,9,0.5700000000000001,0.23242917472192817,0.1,0.04060455673313101,2.410649559687052,0.23566878975888134,0.09788359787496617,471.0,1134,111.0,0.14875021707373706,0.5991632819589808,45
108,1,0,1,500,40,18,0.99,0.20816886615555166,1,0.9730430859353367,1.0277036151798007,0.11617662124663275,0.9999999999118165,9761.0,1134,1134.0,0.11617662124782296,0.5134784570268441,20
109,1,0,1,500,40,18,0.99,0.11720221416642086,0.1,0.9730430859353367,1.0277036151798007,0.11617662124663275,0.9999999999118165,9761.0,1134,1134.0,0.11617662124782296,0.5134784570268441,20
110,0,1,4,1800,1000,11,0.1,0.468370730573854,1,0.20663207759748892,3.8707603161616926,0.3311427528174099,0.7998236330864352,2739.0,1134,907.0,0.2969167857239618,0.7851301426570245,3
111,0,1,4,1800,1000,11,0.65,0.413495764834782,0.1,0.017595307917690102,5.813605994753427,0.4264705880785034,0.10229276895041509,272.0,1134,116.0,0.2969167857239618,0.7851301426570245,3
112,1,0,128,1800,1800,90,0.99,0.2112715227867682,1,0.9549966162761674,1.0471240192438893,0.11811269659287456,0.9999999999118165,9601.0,1134,1134.0,0.11811269659410478,0.5225016918565306,1
113,1,0,128,1800,1800,90,0.99,0.11915307673148229,0.1,0.9549966162761674,1.0471240192438893,0.11811269659287456,0.9999999999118165,9601.0,1134,1134.0,0.11811269659410478,0.5225016918565306,1
114,1,1,16,2000,80,12,0.18,0.23894269929026804,1,0.4357094518335697,1.3722067724125802,0.14930632019050197,0.5978835978308744,4541.0,1134,678.0,0.13359324706271053,0.5844208061949998,5
115,1,1,16,2000,80,12,0.66,0.21327978078073317,0.1,0.025265057522837073,2.1989000266647865,0.21951219504546612,0.05555555555065647,287.0,1134,63.0,0.13359324706271053,0.5844208061949998,5
116,1,0,512,100,80,20,0.99,0.20702873543000208,1,0.9798105120575252,1.020605398232925,0.11546685673439092,0.9999999999118165,9821.0,1134,1134.0,0.11546685673556664,0.5100947439657117,3
117,1,0,512,100,80,20,0.99,0.11648700976434322,0.1,0.9798105120575252,1.020605398232925,0.11546685673439092,0.9999999999118165,9821.0,1134,1134.0,0.11546685673556664,0.5100947439657117,3
118,0,0,2,1000,800,18,0.05,0.7058823036047426,1,0.019738326189716462,31.89867436858456,0.8031496062088695,0.6296296295741067,889.0,1134,714.0,0.6179437787898081,0.8529065021000506,8
119,0,0,2,1000,800,18,0.12,0.8180667669132918,0.1,0.015339499210293936,36.10210928488616,0.8219895286882213,0.5537918870763852,764.0,1134,628.0,0.6179437787898081,0.8529065021000506,8
120,0,1,16,800,40,50,0.01,0.20816886615555166,1,0.9730430859353367,1.0277036151798007,0.11617662124663275,0.9999999999118165,9761.0,1134,1134.0,0.09628523511365195,0.42383045071217124,45
121,0,1,16,800,40,50,0.02,0.1234697609323971,0.1,0.5801939995422942,1.091284738907123,0.12248379392489793,0.6331569664344658,5862.0,1134,718.0,0.09628523511365195,0.42383045071217124,45
122,0,1,2,1200,800,100,0.01,0.594349446385968,1,0.09936837356080117,7.560977081898927,0.4916330063190056,0.7513227512564971,1733.0,1134,852.0,0.5359521564049485,0.8421899188028219,5
123,0,1,2,1200,800,100,0.91,0.9200557214760129,0.1,0.0,1022927.6895041509,0.9999999991379311,0.10229276895041509,116.0,1134,116.0,0.5359521564049485,0.8421899188028219,5
124,1,0,2,100,100,7,0.03,0.5733401469137573,1,0.028423189713191705,17.280957368458484,0.6885043262436954,0.4911816578050104,809.0,1134,557.0,0.5027745109530841,0.758193419483742,45
125,1,0,2,100,100,7,0.14,0.8659870854626354,0.1,0.00688021655755831,55.752941068192364,0.8770161288554402,0.3835978835640566,496.0,1134,435.0,0.5027745109530841,0.758193419483742,45
126,1,0,512,2000,800,8,0.85,0.2151627166458262,1,0.9050304534073422,1.0757039856763193,0.12094653812312722,0.9735449734591229,9128.0,1134,1104.0,0.0874815896782073,0.3539353915698002,3
127,1,0,512,2000,800,8,0.85,0.12200442106276842,0.1,0.9050304534073422,1.0757039856763193,0.12094653812312722,0.9735449734591229,9128.0,1134,1104.0,0.0874815896782073,0.3539353915698002,3
128,1,1,128,1000,500,40,0.99,0.2112715227867682,1,0.9549966162761674,1.0471240192438893,0.11811269659287456,0.9999999999118165,9601.0,1134,1134.0,0.11811269659410478,0.5225016918565306,5
129,1,1,128,1000,500,40,0.99,0.11915307673148229,0.1,0.9549966162761674,1.0471240192438893,0.11811269659287456,0.9999999999118165,9601.0,1134,1134.0,0.11811269659410478,0.5225016918565306,5
130,0,0,64,100,80,35,0.99,0.20702873543000208,1,0.9798105120575252,1.020605398232925,0.11546685673439092,0.9999999999118165,9821.0,1134,1134.0,0.11546685673556664,0.5100947439657117,1
131,0,0,64,100,80,35,0.99,0.11648700976434322,0.1,0.9798105120575252,1.020605398232925,0.11546685673439092,0.9999999999118165,9821.0,1134,1134.0,0.11546685673556664,0.5100947439657117,1
132,0,0,64,80,80,4,0.05,0.2070569001275054,1,0.872208436714728,1.035300846347119,0.11693502340850821,0.9029982362519401,8757.0,1134,1024.0,0.10279979893209068,0.4862134579876516,3
133,0,0,64,80,80,4,0.19,0.12289058859098471,0.1,0.48398375817184763,1.0859312419607543,0.12195621035150489,0.5255731921935121,4887.0,1134,596.0,0.10279979893209068,0.4862134579876516,3
134,0,0,4,1800,1200,80,0.09,0.30262622729238653,1,0.34592826527920223,1.9093369997836342,0.19627882599066357,0.6604938271022491,3816.0,1134,749.0,0.20176506688784085,0.6949800995499921,5
135,0,0,4,1800,1200,80,0.62,0.31065706887826017,0.1,0.018272050529908955,3.7161052526777647,0.32217573208277167,0.06790123456191346,239.0,1134,77.0,0.20176506688784085,0.6949800995499921,5
136,0,0,2,100,40,70,0.33,0.40394085440698024,1,0.0,2530864.197307684,0.9999999996515678,0.2530864197307684,287.0,1134,287.0,0.32498080321279266,0.5142246244396782,5
137,0,0,2,100,40,70,0.33,0.9716092033297034,0.1,0.0,2530864.197307684,0.9999999996515678,0.2530864197307684,287.0,1134,287.0,0.32498080321279266,0.5142246244396782,5
138,1,1,16,800,40,35,0.02,0.21765472302633362,1,0.7181367019995698,1.1247998135914044,0.12577234655875638,0.8077601410222434,7283.0,1134,916.0,0.09832041207288414,0.46351348770703615,8
139,1,1,16,800,40,35,0.07,0.13070168526994502,0.1,0.4851116625255457,1.165207227567042,0.1297045730447247,0.5652557318725524,4942.0,1134,641.0,0.09832041207288414,0.46351348770703615,8
140,0,1,4,100,40,5,0.35000000000000003,0.28031140841895374,1,0.1336566659132229,2.493950313898487,0.2418426103492103,0.33333333330393883,1563.0,1134,378.0,0.15681542688378763,0.5239603089065454,3
141,0,1,4,100,40,5,0.62,0.2860191528668084,0.1,0.05210918114085146,3.1645609882058596,0.2881355931759421,0.16490299822178986,649.0,1134,187.0,0.15681542688378763,0.5239603089065454,3
142,0,1,1,2000,1800,70,0.0,0.0,1,0.0,0.0,0.0,0.0,0.0,1134,0.0,0.1134,0.5,8
143,0,1,1,2000,1800,70,0.0,0.0,0.1,0.0,0.0,0.0,0.0,0.0,1134,0.0,0.1134,0.5,8
144,0,0,2,1800,1500,12,0.04,0.7143551816111944,1,0.02109181141415416,30.68789267915951,0.7969598261892552,0.6472663138759024,921.0,1134,734.0,0.6154261002405188,0.8538342879740729,1
145,0,0,2,1800,1500,12,0.13,0.815812677243068,0.1,0.015339499210293936,35.58472236838302,0.8198675495602825,0.5458553791405771,755.0,1134,619.0,0.6154261002405188,0.8538342879740729,1
146,1,1,32,1800,80,10,0.05,0.2459035486819831,1,0.7112564854420115,1.2931382361360693,0.14192407130028678,0.919753086338646,7349.0,1134,1043.0,0.1286457357113143,0.5922270183022872,5
147,1,1,32,1800,80,10,0.5,0.15571365588173464,0.1,0.028423189713191705,1.4892027893824187,0.15999999994666667,0.04232804232430969,300.0,1134,48.0,0.1286457357113143,0.5922270183022872,5
148,1,1,1,800,40,10,0.99,0.20816886615555166,1,0.9730430859353367,1.0277036151798007,0.11617662124663275,0.9999999999118165,9761.0,1134,1134.0,0.11617662124782296,0.5134784570268441,5
149,1,1,1,800,40,10,0.99,0.11720221416642086,0.1,0.9730430859353367,1.0277036151798007,0.11617662124663275,0.9999999999118165,9761.0,1134,1134.0,0.11617662124782296,0.5134784570268441,5
150,1,0,128,1500,1000,25,0.98,0.21136997177326194,1,0.9544326640993183,1.0477427405329063,0.11817423926512947,0.9999999999118165,9596.0,1134,1134.0,0.11819887429643527,0.5063162643807805,45
151,1,0,128,1500,1000,25,0.98,0.11921508821267496,0.1,0.9544326640993183,1.0477427405329063,0.11817423926512947,0.9999999999118165,9596.0,1134,1134.0,0.11819887429643527,0.5063162643807805,45
152,1,0,2,100,80,70,0.39,0.3098419984145135,1,0.028987141890040747,7.757472259723816,0.49804687490272526,0.22486772484789525,512.0,1134,255.0,0.17795977855790007,0.4631944618503758,8
153,1,0,2,100,80,70,0.39,0.4921272746171236,0.1,0.028987141890040747,7.757472259723816,0.49804687490272526,0.22486772484789525,512.0,1134,255.0,0.17795977855790007,0.4631944618503758,8
154,0,0,4,1200,1000,90,0.07,0.28863589094431147,1,0.3723212271557374,1.7716202236549612,0.18473697208731202,0.6596119928871594,4049.0,1134,748.0,0.18542118228061372,0.6779848486837734,5
155,0,0,4,1200,1000,90,0.62,0.23734520313149082,0.1,0.08978118655436745,2.4358626806916504,0.23754789269755286,0.21869488534226675,1044.0,1134,248.0,0.18542118228061372,0.6779848486837734,5
156,1,0,4,2000,40,12,0.09,0.21058493937216666,1,0.9589442815141106,1.0428133468313165,0.11768368617561556,0.9999999999118165,9636.0,1134,1134.0,0.0922179674696316,0.3618349989317732,1
157,1,0,4,2000,40,12,0.99,0.1770531894684438,0.1,0.003496503496464059,2.2697763540629823,0.2249999994375,0.007936507935808067,40.0,1134,9.0,0.0922179674696316,0.3618349989317732,1
158,0,1,1,1800,800,60,0.0,0.0,1,0.0,0.0,0.0,0.0,0.0,1134,0.0,0.1134,0.5,1
159,0,1,1,1800,800,60,0.0,0.0,0.1,0.0,0.0,0.0,0.0,0.0,1134,0.0,0.1134,0.5,1
160,1,1,512,500,80,70,0.99,0.208935955490702,1,0.9685314685205444,1.0324908680460885,0.11665466515670553,0.9999999999118165,9721.0,1134,1134.0,0.11665466515790557,0.5157342657342657,8
161,1,1,512,500,80,70,0.99,0.11768391626141078,0.1,0.9685314685205444,1.0324908680460885,0.11665466515670553,0.9999999999118165,9721.0,1134,1134.0,0.11665466515790557,0.5157342657342657,8
162,0,1,16,800,100,4,0.4,0.2870911744153462,1,0.15271824949072052,2.407863029679902,0.23546019196863577,0.36772486769244045,1771.0,1134,417.0,0.2562791460497943,0.6579664859234752,5
163,0,1,16,800,100,4,0.9,0.8319848549718181,0.1,0.0,467372.13399758626,0.9999999981132075,0.04673721339975862,53.0,1134,53.0,0.2562791460497943,0.6579664859234752,5
164,0,0,64,100,80,12,0.14,0.20970871908821517,1,0.9640198511057521,1.0373229296393656,0.1171366594347987,0.9999999999118165,9681.0,1134,1134.0,0.11214162308062156,0.5121689839431776,1
165,0,0,64,100,80,12,0.25,0.13035116197131671,0.1,0.40593277689594026,1.1622150654083998,0.12941461054355552,0.4717813050730351,4134.0,1134,535.0,0.11214162308062156,0.5121689839431776,1
166,0,0,128,1500,1200,7,0.15,0.23402893958020482,1,0.807466726812458,1.2002174828771823,0.1330830709598803,0.969135802383674,8258.0,1134,1099.0,0.11804807644582309,0.5553414625995272,45
167,0,0,128,1500,1200,7,0.16,0.13464215412657196,0.1,0.7188134446117886,1.20470907331866,0.1335146159057306,0.8659611992181692,7355.0,1134,982.0,0.11804807644582309,0.5553414625995272,45
168,1,1,1,1500,40,9,0.99,0.20816886615555166,1,0.9730430859353367,1.0277036151798007,0.11617662124663275,0.9999999999118165,9761.0,1134,1134.0,0.11617662124782296,0.5134784570268441,20
169,1,1,1,1500,40,9,0.99,0.11720221416642086,0.1,0.9730430859353367,1.0277036151798007,0.11617662124663275,0.9999999999118165,9761.0,1134,1134.0,0.11617662124782296,0.5134784570268441,20
170,0,0,8,800,800,11,0.07,0.3023712146177782,1,0.5059778930689602,1.7445739960958517,0.18243120101726934,0.882716049304875,5487.0,1134,1001.0,0.17064922189312218,0.7049908971951984,8
171,0,0,8,800,800,11,0.28,0.21139475175936767,0.1,0.22625761335183556,2.0812526736964174,0.21023622046416393,0.4708994708579453,2540.0,1134,534.0,0.17064922189312218,0.7049908971951984,8
172,1,1,32,1500,1500,80,0.03,0.2115474113559544,1,0.9534175501809901,1.048858283378731,0.11828517784376462,0.9999999999118165,9587.0,1134,1134.0,0.11830985915492957,0.44219490187232124,45
173,1,1,32,1500,1500,80,0.03,0.11932687168711215,0.1,0.9534175501809901,1.048858283378731,0.11828517784376462,0.9999999999118165,9587.0,1134,1134.0,0.11830985915492957,0.44219490187232124,45
174,1,0,128,2000,40,6,0.1,0.22811837212913583,1,0.8173922851250012,1.1640665308331306,0.1295940427560702,0.9514991180818784,8326.0,1134,1079.0,0.09324416696944796,0.4465785608258726,3
175,1,0,128,2000,40,6,0.11,0.13089522677548385,0.1,0.7395668847198333,1.166133535131401,0.1297942932962204,0.86243386235781,7535.0,1134,978.0,0.09324416696944796,0.4465785608258726,3
176,1,0,64,1800,80,8,0.11,0.2142023149976437,1,0.9073990525501082,1.0699805792029753,0.12038049420380077,0.9708994708138536,9146.0,1134,1101.0,0.12936574555530192,0.45679300786827676,45
177,1,0,64,1800,80,8,0.8200000000000001,0.5628397060602067,0.1,0.002932551319615017,14.132675041184491,0.6438356155563896,0.04144620810921991,73.0,1134,47.0,0.12936574555530192,0.45679300786827676,45
178,1,1,8,2000,800,25,0.24,0.28201215408712244,1,0.25344010827595936,1.931098434238683,0.19807280513211734,0.48941798937483083,2802.0,1134,555.0,0.15986828011055096,0.6783668342808129,20
179,1,1,8,2000,800,25,0.25,0.20022307202819997,0.1,0.23866456124251448,1.943500117371378,0.1990915972672562,0.46384479713722704,2642.0,1134,526.0,0.15986828011055096,0.6783668342808129,20
180,1,0,128,1000,80,100,0.99,0.2116263690544112,1,0.9529663884395108,1.049354843053635,0.11833455076574835,0.9999999999118165,9583.0,1134,1134.0,0.1183345507669832,0.5235168057748703,3
181,1,0,128,1000,80,100,0.99,0.1193766205480864,0.1,0.9529663884395108,1.049354843053635,0.11833455076574835,0.9999999999118165,9583.0,1134,1134.0,0.1183345507669832,0.5235168057748703,3
182,1,1,16,1200,100,6,0.37,0.2701899790704186,1,0.20065418452288905,1.9996312005990715,0.20367054609652327,0.4012345678658523,2234.0,1134,455.0,0.20706867181276062,0.640030419600312,20
183,1,1,16,1200,100,6,0.9400000000000001,0.5666349928986634,0.1,0.0030453417549848255,14.188377258791075,0.6447368412569252,0.04320987653939948,76.0,1134,49.0,0.20706867181276062,0.640030419600312,20
184,0,0,16,800,80,20,0.12,0.2338087908382796,1,0.4795849311924251,1.311024645193196,0.14360523665370384,0.6287477953590169,4965.0,1134,713.0,0.11346014865588372,0.5445809168927449,1
185,0,0,16,800,80,20,0.12,0.14471074840392753,0.1,0.4795849311924251,1.311024645193196,0.14360523665370384,0.6287477953590169,4965.0,1134,713.0,0.11346014865588372,0.5445809168927449,1
186,1,1,128,1000,800,5,0.11,0.24810005883557687,1,0.7171215880812415,1.304696424275857,0.14301118748964806,0.9356261022102622,7419.0,1134,1061.0,0.1314939840997978,0.600942068684004,5
187,1,1,128,1000,800,5,0.23,0.15064149087399809,0.1,0.25287615609911035,1.3774504587095182,0.1497914296492305,0.3483245149604652,2637.0,1134,395.0,0.1314939840997978,0.600942068684004,5
188,1,1,512,2000,100,8,0.86,0.22538858098662848,1,0.8764944732587807,1.1378900996025714,0.12705010109944898,0.9973544972665471,8902.0,1134,1131.0,0.09451924650965786,0.3670121197002918,20
189,1,1,512,2000,100,8,0.86,0.1281573333451639,0.1,0.8764944732587807,1.1378900996025714,0.12705010109944898,0.9973544972665471,8902.0,1134,1131.0,0.09451924650965786,0.3670121197002918,20
190,1,0,256,2000,1500,9,0.74,0.22294370311487222,1,0.8907060681153766,1.1217146590673517,0.12547065337624064,0.9991181656967267,9030.0,1134,1133.0,0.11292417649153294,0.4873072964470814,45
191,1,0,256,2000,1500,9,0.8200000000000001,0.13262409931020522,0.1,0.19794721407401367,1.1894565810624569,0.13204747773827658,0.23544973542897266,2022.0,1134,267.0,0.11292417649153294,0.4873072964470814,45
192,0,1,1,1500,1000,2,0.0,0.0,1,0.0,0.0,0.0,0.0,0.0,1134,0.0,0.1134,0.5,1
193,0,1,1,1500,1000,2,0.0,0.0,0.1,0.0,0.0,0.0,0.0,0.0,1134,0.0,0.1134,0.5,1
194,0,0,16,1000,1000,80,0.03,0.21643284642620653,1,0.9261222648214964,1.0797709221767466,0.12134831460544303,0.9999999999118165,9345.0,1134,1134.0,0.112055328010346,0.26886176348541946,5
195,0,0,16,1000,1000,80,0.03,0.12241323910764938,0.1,0.9261222648214964,1.0797709221767466,0.12134831460544303,0.9999999999118165,9345.0,1134,1134.0,0.112055328010346,0.26886176348541946,5
196,0,1,1,500,500,60,0.0,0.0,1,0.0,0.0,0.0,0.0,0.0,1134,0.0,0.1134,0.5,5
197,0,1,1,500,500,60,0.0,0.0,0.1,0.0,0.0,0.0,0.0,0.0,1134,0.0,0.1134,0.5,5
198,1,1,512,2000,1200,30,0.99,0.2112715227867682,1,0.9549966162761674,1.0471240192438893,0.11811269659287456,0.9999999999118165,9601.0,1134,1134.0,0.11811269659410478,0.5225016918565306,3
199,1,1,512,2000,1200,30,0.99,0.11915307673148229,0.1,0.9549966162761674,1.0471240192438893,0.11811269659287456,0.9999999999118165,9601.0,1134,1134.0,0.11811269659410478,0.5225016918565306,3
200,1,1,16,1800,1000,15,0.29,0.23272901424783338,1,0.27893074666953604,1.5017028671049304,0.16112618724012462,0.41887125216764803,2948.0,1134,475.0,0.1353802383241664,0.567961707746654,20
201,1,1,16,1800,1000,15,0.6,0.19304542938539615,0.1,0.0755695916977716,1.878733463638598,0.19374247891772053,0.14197530862945543,831.0,1134,161.0,0.1353802383241664,0.567961707746654,20
202,1,0,16,1200,80,18,0.12,0.2368168447188633,1,0.49436047822587004,1.321786530241857,0.14461358313535103,0.6534391533815309,5124.0,1134,741.0,0.11656867416401,0.5546853584487993,8
203,1,0,16,1200,80,18,0.16,0.1484765149644354,0.1,0.41495601172552493,1.3515804321206832,0.14739281575556448,0.5608465607971035,4315.0,1134,636.0,0.11656867416401,0.5546853584487993,8
204,1,1,8,800,40,18,0.02,0.20959244034062324,1,0.9646965937179709,1.0365952391292912,0.11706410653332235,0.9999999999118165,9687.0,1134,1134.0,0.08082861364971158,0.3165893743850733,20
205,1,1,8,800,40,18,0.93,0.1283466068260488,0.1,0.02041506880193531,1.20946136973275,0.13397129180192763,0.024691358022513987,209.0,1134,28.0,0.08082861364971158,0.3165893743850733,20
206,0,0,2,1000,80,11,0.36,0.4419517203353588,1,0.02876156101930113,12.080063126820683,0.6070878273332685,0.3474426807453754,649.0,1134,394.0,0.28452026972868744,0.5138647692411134,3
207,0,0,2,1000,80,11,0.62,0.6937295586525295,0.1,0.004737198285531951,21.779207672146697,0.7358490561409755,0.10317460316550488,159.0,1134,117.0,0.28452026972868744,0.5138647692411134,3
208,0,1,1,1500,500,35,0.0,0.0,1,0.0,0.0,0.0,0.0,0.0,1134,0.0,0.1134,0.5,1
209,0,1,1,1500,500,35,0.0,0.0,0.1,0.0,0.0,0.0,0.0,0.0,1134,0.0,0.1134,0.5,1
210,0,1,512,1800,500,4,0.3,0.22215494341233297,1,0.8658921723340187,1.1212705111650751,0.1254272043731439,0.9708994708138536,8778.0,1134,1101.0,0.09548103958007732,0.43647690421883967,5
211,0,1,512,1800,500,4,0.73,0.1279217274136379,0.1,0.025941800135055922,1.1897431324405934,0.1320754716482734,0.030864197528142484,265.0,1134,35.0,0.09548103958007732,0.43647690421883967,5
